-- MySQL dump 10.13  Distrib 8.0.37, for Win64 (x86_64)
--
-- Host: 127.0.0.1    Database: recipe_and_health_system
-- ------------------------------------------------------
-- Server version	8.0.37

/*!40101 SET @OLD_CHARACTER_SET_CLIENT=@@CHARACTER_SET_CLIENT */;
/*!40101 SET @OLD_CHARACTER_SET_RESULTS=@@CHARACTER_SET_RESULTS */;
/*!40101 SET @OLD_COLLATION_CONNECTION=@@COLLATION_CONNECTION */;
/*!50503 SET NAMES utf8mb4 */;
/*!40103 SET @OLD_TIME_ZONE=@@TIME_ZONE */;
/*!40103 SET TIME_ZONE='+00:00' */;
/*!40014 SET @OLD_UNIQUE_CHECKS=@@UNIQUE_CHECKS, UNIQUE_CHECKS=0 */;
/*!40014 SET @OLD_FOREIGN_KEY_CHECKS=@@FOREIGN_KEY_CHECKS, FOREIGN_KEY_CHECKS=0 */;
/*!40101 SET @OLD_SQL_MODE=@@SQL_MODE, SQL_MODE='NO_AUTO_VALUE_ON_ZERO' */;
/*!40111 SET @OLD_SQL_NOTES=@@SQL_NOTES, SQL_NOTES=0 */;

--
-- Table structure for table `admin`
--

DROP TABLE IF EXISTS `admin`;
/*!40101 SET @saved_cs_client     = @@character_set_client */;
/*!50503 SET character_set_client = utf8mb4 */;
CREATE TABLE `admin` (
                         `id` int NOT NULL AUTO_INCREMENT COMMENT 'ID',
                         `role_id` int NOT NULL COMMENT '角色ID',
                         `file_url` char(60) DEFAULT NULL COMMENT '头像',
                         `name` varchar(20) NOT NULL COMMENT '名称',
                         `password` varchar(44) NOT NULL COMMENT '密码',
                         `salt` char(49) NOT NULL COMMENT '盐',
                         `status` int NOT NULL COMMENT '账户状态',
                         PRIMARY KEY (`id`),
                         UNIQUE KEY `admin_pk` (`name`),
                         KEY `admin_role_id_fk` (`role_id`),
                         CONSTRAINT `admin_role_id_fk` FOREIGN KEY (`role_id`) REFERENCES `role` (`id`)
) ENGINE=InnoDB AUTO_INCREMENT=4 DEFAULT CHARSET=utf8mb4 COLLATE=utf8mb4_0900_ai_ci COMMENT='管理员';
/*!40101 SET character_set_client = @saved_cs_client */;

--
-- Dumping data for table `admin`
--

LOCK TABLES `admin` WRITE;
/*!40000 ALTER TABLE `admin` DISABLE KEYS */;
INSERT INTO `admin` VALUES (1,1,'2025040306033657902412248017849a9b10118e70a4e2562','admin1','PG0Khp/blqntYKeg0ZtpHkXanoYrRw5Qr+NRTy5+n3Y=','20241115145947081f5e6583a2d044f369ba09c537899e542',0),(2,3,'20250304050549448947aada038e64b8799149ee11ee9ba1e','admin2','ZeS/AQWqRd8JUnM2U+zKlRKZyL8L/q/ZiM/bf4IvFvA=','20250304050733449e567446d6dba4bf890ffdd751e0cbc4c',0),(3,2,'202503040600268466689d65ca2524064adbc48fd9bfde966','admin3','K1Unvui+gpI+OFX/ijBQ6YEQAwpvdT3aURie1JlNLAc=','202503040600435145f2988d5c5f045b18d330ccaf2aa1cde',0);
/*!40000 ALTER TABLE `admin` ENABLE KEYS */;
UNLOCK TABLES;

--
-- Table structure for table `category`
--

DROP TABLE IF EXISTS `category`;
/*!40101 SET @saved_cs_client     = @@character_set_client */;
/*!50503 SET character_set_client = utf8mb4 */;
CREATE TABLE `category` (
                            `category_id` bigint NOT NULL AUTO_INCREMENT COMMENT 'ID',
                            `c_name` varchar(30) CHARACTER SET utf8mb4 COLLATE utf8mb4_0900_ai_ci NOT NULL COMMENT '名称',
                            `type_id` int NOT NULL COMMENT '标注类型',
                            `create_date` datetime NOT NULL DEFAULT CURRENT_TIMESTAMP COMMENT '创建时间',
                            PRIMARY KEY (`category_id`),
                            UNIQUE KEY `category_pk` (`c_name`,`type_id`)
) ENGINE=InnoDB AUTO_INCREMENT=114 DEFAULT CHARSET=utf8mb4 COLLATE=utf8mb4_0900_ai_ci COMMENT='分类';
/*!40101 SET character_set_client = @saved_cs_client */;

--
-- Dumping data for table `category`
--

LOCK TABLES `category` WRITE;
/*!40000 ALTER TABLE `category` DISABLE KEYS */;
INSERT INTO `category` VALUES (1,'肉',1,'2024-11-11 11:11:11'),(2,'蛋',1,'2024-11-11 11:11:11'),(3,'奶',1,'2024-11-11 11:11:11'),(4,'蔬菜',1,'2024-11-11 11:11:11'),(5,'根茎',1,'2024-11-11 11:11:11'),(6,'谷物',1,'2024-11-11 11:11:11'),(7,'果菜',1,'2024-11-11 11:11:11'),(8,'叶菜',1,'2024-11-11 11:11:11'),(9,'淀粉',1,'2024-11-11 11:11:11'),(10,'葱蒜',1,'2024-11-11 11:11:11'),(11,'调味品',1,'2024-11-11 11:11:11'),(12,'香辛料',1,'2024-11-11 11:11:11'),(13,'酒类',1,'2024-11-11 11:11:11'),(14,'食用油',1,'2024-11-11 11:11:11'),(15,'奶酪',1,'2024-11-11 11:11:11'),(16,'主食',1,'2024-11-11 11:11:11'),(17,'面包',1,'2024-11-11 11:11:11'),(18,'发酵食品',1,'2024-11-11 11:11:11'),(19,'中式菜肴',1,'2024-11-11 11:11:11'),(20,'西式菜肴',1,'2024-11-11 11:11:11'),(21,'糖果',1,'2024-11-11 11:11:11'),(22,'添加糖',1,'2024-11-11 11:11:11'),(23,'奶制品',1,'2024-11-11 11:11:11'),(24,'水果',1,'2024-11-11 11:11:11'),(25,'甜点',1,'2024-11-11 11:11:11'),(26,'饮品',1,'2024-11-11 11:11:11'),(27,'早餐',1,'2024-11-11 11:11:11'),(28,'午餐',1,'2024-11-11 11:11:11'),(29,'晚餐',1,'2024-11-11 11:11:11'),(43,'😆',2,'2024-11-11 11:11:11'),(44,'🤣',2,'2024-11-11 11:11:11'),(45,'🥰',2,'2024-11-11 11:11:11'),(46,'🤩',2,'2024-11-11 11:11:11'),(47,'🤯',2,'2024-11-11 11:11:11'),(48,'😍',2,'2024-11-11 11:11:11'),(50,'😅',2,'2024-11-11 11:11:11'),(51,'😛',2,'2024-11-11 11:11:11'),(52,'😁',2,'2024-11-11 11:11:11'),(62,'🤡',2,'2024-11-11 11:11:11'),(63,'😀',2,'2025-03-10 20:47:19'),(66,'热带',1,'2025-04-03 02:36:08'),(67,'烘焙',1,'2025-04-03 02:36:22'),(68,'健康零食',1,'2025-04-03 02:36:33'),(69,'奶昔搭档',1,'2025-04-03 02:36:47'),(70,'🍹',2,'2025-04-03 02:37:06'),(71,'🌴',2,'2025-04-03 02:37:13'),(72,'💪',2,'2025-04-03 02:37:24'),(73,'钾元素之王',1,'2025-04-03 02:38:46'),(74,'🍯',2,'2025-04-03 02:38:55'),(75,'小吃',1,'2025-04-03 03:04:34'),(76,'简易',1,'2025-04-03 03:04:43'),(77,'零食',1,'2025-04-03 03:05:42'),(78,'🍫',2,'2025-04-03 03:05:50'),(79,'😋',2,'2025-04-03 03:05:57'),(80,'🌟',2,'2025-04-03 03:06:05'),(81,'🎂',2,'2025-04-03 03:06:25'),(82,'❤️',2,'2025-04-03 03:06:41'),(83,'💖',2,'2025-04-03 03:06:48'),(84,'甜品',1,'2025-04-03 03:07:32'),(85,'下午茶',1,'2025-04-03 03:07:39'),(86,'🍼',2,'2025-04-03 03:07:57'),(87,'🍰',2,'2025-04-03 03:08:05'),(88,'🍮',2,'2025-04-03 03:08:14'),(89,'酱香',1,'2025-04-03 03:09:02'),(90,'下饭',1,'2025-04-03 03:09:10'),(91,'🔥',2,'2025-04-03 03:09:23'),(92,'🍗',2,'2025-04-03 03:09:29'),(93,'💥',2,'2025-04-03 03:10:05'),(94,'👨',2,'2025-04-03 03:11:06'),(95,'家庭聚餐',1,'2025-04-03 03:11:28'),(96,'传统节日美食',1,'2025-04-03 03:12:26'),(97,'特色小吃',1,'2025-04-03 03:12:36'),(98,'创意',1,'2025-04-03 03:12:43'),(99,'🎉',2,'2025-04-03 03:12:54'),(100,'🍃',2,'2025-04-03 03:13:00'),(101,'👐',2,'2025-04-03 03:13:21'),(102,'🌸',2,'2025-04-03 03:13:31'),(103,'🌾',2,'2025-04-03 03:15:02'),(104,'🤔',2,'2025-04-03 03:15:10'),(105,'🥺',2,'2025-04-03 03:15:17'),(106,'🍬',2,'2025-04-03 03:15:23'),(107,'午餐轻负担',1,'2025-04-03 03:16:21'),(108,'减脂',1,'2025-04-03 03:16:41'),(109,'🥑',2,'2025-04-03 03:16:58'),(110,'碳水组合',1,'2025-04-03 03:17:21'),(111,'🌞',2,'2025-04-03 03:17:33'),(112,'🥓',2,'2025-04-03 03:17:49'),(113,'低卡轻脂',1,'2025-04-03 03:18:13');
/*!40000 ALTER TABLE `category` ENABLE KEYS */;
UNLOCK TABLES;

--
-- Table structure for table `category_item`
--

DROP TABLE IF EXISTS `category_item`;
/*!40101 SET @saved_cs_client     = @@character_set_client */;
/*!50503 SET character_set_client = utf8mb4 */;
CREATE TABLE `category_item` (
                                 `id` bigint NOT NULL AUTO_INCREMENT COMMENT 'ID',
                                 `category_id` bigint NOT NULL COMMENT '分类ID',
                                 `user_id` bigint NOT NULL COMMENT '作者ID',
                                 `t_id` bigint NOT NULL COMMENT '目标ID',
                                 `id_category` int NOT NULL COMMENT '目标类型',
                                 PRIMARY KEY (`id`),
                                 KEY `category_item_category_category_id_fk` (`category_id`),
                                 KEY `category_item_user_user_id_fk` (`user_id`),
                                 CONSTRAINT `category_item_category_category_id_fk` FOREIGN KEY (`category_id`) REFERENCES `category` (`category_id`),
                                 CONSTRAINT `category_item_user_user_id_fk` FOREIGN KEY (`user_id`) REFERENCES `user` (`user_id`)
) ENGINE=InnoDB AUTO_INCREMENT=158 DEFAULT CHARSET=utf8mb4 COLLATE=utf8mb4_0900_ai_ci COMMENT='分类项';
/*!40101 SET character_set_client = @saved_cs_client */;

--
-- Dumping data for table `category_item`
--

LOCK TABLES `category_item` WRITE;
/*!40000 ALTER TABLE `category_item` DISABLE KEYS */;
INSERT INTO `category_item` VALUES (1,1,1,4,1),(2,1,1,5,1),(3,5,1,6,1),(4,5,1,7,1),(5,4,1,7,1),(6,4,1,8,1),(7,9,1,8,1),(8,11,1,9,1),(9,11,1,10,1),(10,11,1,11,1),(11,11,1,12,1),(12,11,1,13,1),(13,13,1,14,1),(14,4,1,15,1),(15,10,1,15,1),(16,17,1,22,1),(17,16,1,22,1),(18,7,1,23,1),(19,2,1,24,1),(20,1,1,25,1),(21,8,1,26,1),(22,14,1,27,1),(23,4,1,28,1),(24,12,1,29,1),(25,11,1,30,1),(26,12,1,31,1),(27,10,1,32,1),(28,10,1,33,1),(29,7,1,34,1),(30,15,1,35,1),(31,19,2,4,2),(32,20,2,5,2),(33,24,1,1,1),(34,21,1,2,1),(35,22,1,2,1),(36,21,1,3,1),(37,22,1,3,1),(38,24,1,16,1),(39,22,1,17,1),(40,25,1,17,1),(41,25,1,18,1),(42,25,1,19,1),(43,19,1,36,1),(44,3,1,37,1),(45,23,1,37,1),(46,21,1,38,1),(47,25,1,38,1),(48,22,1,39,1),(49,25,1,39,1),(50,14,1,40,1),(51,3,1,43,1),(52,23,1,43,1),(53,25,1,43,1),(54,22,1,44,1),(55,25,1,44,1),(56,9,1,45,1),(57,16,1,45,1),(58,24,1,46,1),(59,25,1,46,1),(60,21,1,47,1),(61,25,1,47,1),(62,25,1,48,1),(63,26,1,47,1),(64,26,1,48,1),(65,26,1,37,1),(74,21,2,1,2),(75,23,2,1,2),(76,16,2,2,2),(77,6,2,2,2),(78,23,2,3,2),(79,15,2,3,2),(80,1,2,4,2),(81,16,2,5,2),(82,17,2,5,2),(83,27,2,5,2),(84,66,102,1,1),(85,67,102,1,1),(86,68,102,1,1),(87,69,102,1,1),(88,70,102,1,1),(89,71,102,1,1),(90,72,102,1,1),(91,73,102,1,1),(92,74,102,1,1),(94,25,104,1,2),(95,75,104,1,2),(96,76,104,1,2),(97,77,104,1,2),(98,78,104,1,2),(99,79,104,1,2),(100,80,104,1,2),(102,82,104,1,2),(103,83,104,1,2),(104,84,104,3,2),(105,85,104,3,2),(106,25,104,3,2),(107,86,104,3,2),(108,87,104,3,2),(109,88,104,3,2),(110,89,104,4,2),(111,90,104,4,2),(112,80,104,4,2),(113,91,104,4,2),(114,92,104,4,2),(115,93,104,4,2),(116,79,104,4,2),(117,48,104,4,2),(118,94,104,4,2),(119,95,104,4,2),(120,96,104,2,2),(121,97,104,2,2),(122,98,104,2,2),(123,99,104,2,2),(124,100,104,2,2),(125,101,104,2,2),(126,102,104,2,2),(127,83,104,2,2),(128,103,104,2,2),(129,104,104,2,2),(130,105,104,2,2),(131,106,104,2,2),(132,107,104,5,2),(133,108,104,5,2),(134,109,104,5,2),(135,110,104,5,2),(136,45,104,5,2),(137,111,104,5,2),(138,72,104,5,2),(139,112,104,5,2),(140,113,104,5,2),(141,72,104,1,1),(142,71,104,1,1),(143,73,104,1,1),(144,68,104,1,1),(147,66,104,1,1),(148,79,102,1,2),(152,23,102,1,2),(153,76,102,1,2),(154,79,102,4,2),(155,90,102,4,2),(156,89,102,4,2);
/*!40000 ALTER TABLE `category_item` ENABLE KEYS */;
UNLOCK TABLES;

--
-- Table structure for table `collection`
--

DROP TABLE IF EXISTS `collection`;
/*!40101 SET @saved_cs_client     = @@character_set_client */;
/*!50503 SET character_set_client = utf8mb4 */;
CREATE TABLE `collection` (
                              `collection_id` bigint NOT NULL AUTO_INCREMENT COMMENT 'ID',
                              `user_id` bigint NOT NULL COMMENT '作者ID',
                              `file_url` char(60) NOT NULL COMMENT '封面图片',
                              `title` varchar(50) CHARACTER SET utf8mb4 COLLATE utf8mb4_unicode_ci NOT NULL COMMENT '合集标题',
                              `summary` varchar(200) CHARACTER SET utf8mb4 COLLATE utf8mb4_unicode_ci DEFAULT NULL COMMENT '简介',
                              `content` longtext NOT NULL COMMENT '内容',
                              `status` int NOT NULL COMMENT '合集状态',
                              `create_date` datetime NOT NULL DEFAULT CURRENT_TIMESTAMP COMMENT '创建时间',
                              `modify_date` datetime NOT NULL DEFAULT CURRENT_TIMESTAMP COMMENT '修改时间',
                              PRIMARY KEY (`collection_id`),
                              KEY `collection_user_user_id_fk` (`user_id`),
                              CONSTRAINT `collection_user_user_id_fk` FOREIGN KEY (`user_id`) REFERENCES `user` (`user_id`)
) ENGINE=InnoDB AUTO_INCREMENT=2 DEFAULT CHARSET=utf8mb4 COLLATE=utf8mb4_0900_ai_ci COMMENT='合集';
/*!40101 SET character_set_client = @saved_cs_client */;

--
-- Dumping data for table `collection`
--

LOCK TABLES `collection` WRITE;
/*!40000 ALTER TABLE `collection` DISABLE KEYS */;
INSERT INTO `collection` VALUES (1,102,'20250413210328900c592fb31aeed4030aabd78963408d51f','长期喝咖啡，你的身体会悄悄发生这些变化…','众所周知，喝咖啡能提神醒脑，但这并不是说你可以随便喝，过量摄入咖啡因会存在健康隐患。美国食品和药物管理局建议，一般健康的成年人每天咖啡摄入量不超过四到五杯，否则也可能带来一些副作用。','{\"dirs\":{\"1\":[50]},\"images\":[\"20250413210044728de8786807a304f5baf9bfd4a745901cb\",\"2025041321013060551bdd8813d6741b892fa4587e7cf9e5f\",\"2025041321040571041c2c3e56a46409f841574b22bf55dd0\"],\"html\":\"众所周知，喝咖啡能提神醒脑，但这并不是说你可以随便喝，过量摄入咖啡因会存在健康隐患。美国食品和药物管理局建议，一般健康的成年人每天咖啡摄入量不超过四到五杯，否则也可能带来一些副作用。<div><div class=\\\"tag\\\" data-flag=\\\"1_50\\\"></div><br><div>纽约大学朗格尼医学中心内科医生艾伯特·安（Albert Ahn）博士表示，大多数人喝咖啡是为了提神，但是一旦你喝太多咖啡，你就会开始失去注意力，人们开始变得更加焦躁易怒。</div><div>而这些就要功于荷尔蒙肾上腺素，它会刺激你的肾上腺分泌荷尔蒙，让你感到精力充沛和警觉。但是分泌过多的荷尔蒙并非好事，特别是如果你患有焦虑症，有可能刺激或触发各类恐慌发作，使焦虑加剧。</div><div>咖啡因中的肾上腺素还能提高心率，这就是为什么医生建议如果心脏有时跳动不规律就不要喝咖啡。</div><div>当然，这种风险实际上只适用于真正的咖啡迷，至少有两项观察性研究发现，每天至少要喝<b>九杯咖啡</b>，才会有心律不齐的风险。</div><div>但如果把每天摄入咖啡因的量控制在安全的范围，长期喝咖啡，身体会悄悄发生这些变化。</div><div><img class=\\\"insert-img\\\" data-flag=\\\"0\\\"><br></div><div><b>长期喝咖啡的好处</b></div></div><div><b>1.降低癌症发生率</b></div><div>①皮肤癌</div><div>在2015年时，美国国家癌症研究所发表了一项研究表明，每天喝超过4杯咖啡，可以在十年里降低20%的皮肤癌风险。</div><div>②乳腺癌</div><div>英国Lund大学的研究人员针对瑞典1090名诊断为原发侵袭性乳腺癌的患者进行长期随访，结果显示，咖啡因和咖啡酸能导致细胞周期进展受阻和增强细胞死亡，换句话说，喝咖啡可以帮助减少复发风险。</div><div>③结直肠癌</div><div>美国南加州大学诺里斯综合癌症中心发布了一项研究显示，中等咖啡消耗量（每天1~2份）可降低26%的结直肠癌患病风险。</div><div>研究者表示咖啡内含有多种促进结直肠健康的成分——咖啡因和多酚有抗氧化作用；类黑精能够促进结肠蠕动；二萜类物质可以抵抗氧化应激损伤……</div><div>④肝癌</div><div>意大利米兰大学的研究者曾在《临床胃肠病学与肝病学》杂志上发表报告称，咖啡能使肝细胞癌风险降低，而降低的幅度与摄入量有关。</div><div><img class=\\\"insert-img\\\" data-flag=\\\"1\\\"><br></div><div><b>2.有助于心脑血管健康</b></div><div>早在2014年，就有一篇汇集了36项研究、涉及128万人的论文指出：每天225ml的咖啡，心血管病发生率减少11%；每天525ml，心血管病发生率降低15%，获益最大；而超过625ml时，就无效果了。</div><div>另外，哈佛大学公共卫生学院的研究《关于长期饮用咖啡与心血管疾病的关系》，分析了127万多个样本，得出结论：咖啡摄入量与心血管疾病风险呈负相关，每天喝450-750ml咖啡的人，心血管疾病风险最低。</div><div>而德国一项研究表明，咖啡因能够改善线粒体功能，帮助修复血管内皮细胞，达到保护心血管的目的；而其所含的多种抗氧化物质比茶多4倍，更能对抗心血管疾病，也对大脑起保护作用。</div><div><b>3.对2型糖尿病有好处</b></div><div>美国哈佛大学一项针对12.6万人进行的研究显示，常喝咖啡的人患2型糖尿病的风险较低。</div><div>不仅如此，中国营养学会指出，每天3~4杯咖啡可降低2型糖尿病的发生风险；国际糖尿病联盟认为，糖尿病患者可以将纯咖啡作为健康膳食的一部分。</div><div><b>4.预防胆结石</b></div><div>能够预防胆结石的还是因为咖啡因，因为咖啡因能够刺激胆囊收缩，所以能够很好的减少胆囊中的胆固醇，对胆结石的形成有着很好的预防作用。</div><div><img class=\\\"insert-img\\\" data-flag=\\\"2\\\"></div><div><b>5.帮助减肥</b></div><div>咖啡的确可以帮助消化，加速脂肪分解，但同时也要依靠肌肉的运动，才能更好地将多余的脂肪酸变成热能消耗掉。如果没有配合运动，多余的脂肪酸也可能会顺着血流重新流回，重新堆积起脂肪。</div><div>所以，想要真正发挥减肥功效，喝完咖啡后别忘了运动。</div><div>另外，咖啡还能帮助提高运动能力，延长了运动时间，消耗更多热量，也能进一步帮助减肥。</div><div><b>当然，以上功效适用于纯咖啡或黑咖啡，尽量少加或不加糖和添加剂。如果喝花式咖啡和加伴侣的速溶咖啡，效果也许会相反。</b></div>\"}',201,'2025-04-14 05:10:22','2025-04-14 05:10:21');
/*!40000 ALTER TABLE `collection` ENABLE KEYS */;
UNLOCK TABLES;

--
-- Table structure for table `comment`
--

DROP TABLE IF EXISTS `comment`;
/*!40101 SET @saved_cs_client     = @@character_set_client */;
/*!50503 SET character_set_client = utf8mb4 */;
CREATE TABLE `comment` (
                           `comment_id` bigint NOT NULL AUTO_INCREMENT COMMENT 'ID',
                           `user_id` bigint NOT NULL COMMENT '用户ID',
                           `t_id` bigint NOT NULL COMMENT '目标ID',
                           `type_id` int NOT NULL COMMENT '评论类型',
                           `content` varchar(500) NOT NULL COMMENT '评论内容',
                           `status` int NOT NULL COMMENT '评论状态',
                           `create_date` datetime NOT NULL DEFAULT CURRENT_TIMESTAMP COMMENT '创建时间',
                           `update_date` datetime NOT NULL DEFAULT CURRENT_TIMESTAMP COMMENT '修改时间',
                           PRIMARY KEY (`comment_id`),
                           KEY `comment_user_user_id_fk` (`user_id`),
                           CONSTRAINT `comment_user_user_id_fk` FOREIGN KEY (`user_id`) REFERENCES `user` (`user_id`)
) ENGINE=InnoDB AUTO_INCREMENT=2 DEFAULT CHARSET=utf8mb4 COLLATE=utf8mb4_0900_ai_ci COMMENT='评论';
/*!40101 SET character_set_client = @saved_cs_client */;

--
-- Dumping data for table `comment`
--

LOCK TABLES `comment` WRITE;
/*!40000 ALTER TABLE `comment` DISABLE KEYS */;
INSERT INTO `comment` VALUES (1,100,28,1,'往往',0,'2025-04-01 18:18:45','2025-04-01 18:18:45');
/*!40000 ALTER TABLE `comment` ENABLE KEYS */;
UNLOCK TABLES;

--
-- Table structure for table `config_activity_level`
--

DROP TABLE IF EXISTS `config_activity_level`;
/*!40101 SET @saved_cs_client     = @@character_set_client */;
/*!50503 SET character_set_client = utf8mb4 */;
CREATE TABLE `config_activity_level` (
                                         `id` int NOT NULL AUTO_INCREMENT COMMENT 'ID',
                                         `key` varchar(30) NOT NULL COMMENT '描述',
                                         `value` double NOT NULL COMMENT '值',
                                         PRIMARY KEY (`id`)
) ENGINE=InnoDB AUTO_INCREMENT=40 DEFAULT CHARSET=utf8mb4 COLLATE=utf8mb4_0900_ai_ci COMMENT='活动水平';
/*!40101 SET character_set_client = @saved_cs_client */;

--
-- Dumping data for table `config_activity_level`
--

LOCK TABLES `config_activity_level` WRITE;
/*!40000 ALTER TABLE `config_activity_level` DISABLE KEYS */;
INSERT INTO `config_activity_level` VALUES (1,'农民',2),(2,'司机',1.7),(3,'学生',1.7),(4,'建筑',2),(5,'教师',1.4),(6,'电工',1.6),(7,'白领',1.4),(8,'矿工',2),(9,'讲课',1.3),(10,'车床',1.6),(11,'中体力',1.7),(12,'低强度',1.4),(13,'修表工',1.4),(14,'办事员',1.4),(15,'售货员',1.3),(16,'轻体力',1.4),(17,'运动员',2),(18,'采石工',2),(19,'重体力',2),(20,'高强度',2),(21,'中等强度',1.7),(22,'器械维修',2),(23,'少量活动',1.2),(24,'装卸工人',2),(25,'柜台的柜员',1.4),(26,'舞蹈运动员',2),(27,'打理菜园花园',1.6),(28,'几乎从来不运动',1.2),(29,'工作时经常走动',1.3),(30,'每天都参加赛跑',2),(31,'有散步等轻度活动',1.3),(32,'每周固定锻炼好几次',1.6),(33,'经常举重、搬运重物',2),(34,'需要做较多重家务活',1.6),(35,'每天都参加登山自行车',2),(36,'从事比较重体力活的工作',2),(37,'工作中有不少体力活要做',1.6),(38,'办公室工作，久坐或站立为主',1.2),(39,'有不少家务活，需要较多走动',1.3);
/*!40000 ALTER TABLE `config_activity_level` ENABLE KEYS */;
UNLOCK TABLES;

--
-- Table structure for table `dietary_record`
--

DROP TABLE IF EXISTS `dietary_record`;
/*!40101 SET @saved_cs_client     = @@character_set_client */;
/*!50503 SET character_set_client = utf8mb4 */;
CREATE TABLE `dietary_record` (
                                  `ed_id` bigint NOT NULL AUTO_INCREMENT COMMENT 'ID',
                                  `user_id` bigint NOT NULL COMMENT '用户ID',
                                  `id_category` int NOT NULL COMMENT '目标类型',
                                  `tid` bigint NOT NULL COMMENT '目标ID',
                                  `dosages` json NOT NULL COMMENT '用量列表',
                                  `nutrient_content` json NOT NULL COMMENT '营养元素缓存',
                                  `tie_up_date` datetime NOT NULL COMMENT '关联时间',
                                  PRIMARY KEY (`ed_id`),
                                  KEY `eating_diary_user_user_id_fk` (`user_id`),
                                  CONSTRAINT `dietary_record_user_user_id_fk` FOREIGN KEY (`user_id`) REFERENCES `user` (`user_id`)
) ENGINE=InnoDB AUTO_INCREMENT=6 DEFAULT CHARSET=utf8mb4 COLLATE=utf8mb4_0900_ai_ci COMMENT='饮食记录';
/*!40101 SET character_set_client = @saved_cs_client */;

--
-- Dumping data for table `dietary_record`
--

LOCK TABLES `dietary_record` WRITE;
/*!40000 ALTER TABLE `dietary_record` DISABLE KEYS */;
INSERT INTO `dietary_record` VALUES (1,102,2,1,'{\"1\": 100.0, \"2\": 216.0, \"3\": 54.0, \"12\": 4.0, \"16\": 216.0, \"17\": 250.0, \"18\": 200.0}','{\"氯\": 2396.0, \"硒\": 3.3249997, \"碘\": 145.3443325, \"磷\": 291.998324, \"钙\": 245.458331, \"钠\": 1888.573333, \"钾\": 1067.053248, \"铁\": 4.3393332, \"铜\": 0.71856662, \"锌\": 2.55044994, \"锰\": 1.72851645, \"镁\": 158.573319, \"叶酸\": 29.41666, \"嘌呤\": 19.305, \"果糖\": 5.2213304, \"泛酸\": 0.20173322, \"烟酸\": 4.2683331, \"脂肪\": 130.3186666, \"生物素\": 2.1853325, \"蛋白质\": 17.6111662, \"维生素A\": 34.556665, \"维生素E\": 7.27849992, \"热量 kcal\": 2986.609969, \"胡萝卜素\": 404.14998, \"膳食纤维\": 4.2384996, \"碳水化合物\": 433.704326, \"维生素B₁(硫胺素)\": 0.16696666, \"维生素B₂(核黄素)\": 0.21883332, \"维生素B₆(吡哆醇)\": 0.08775, \"维生素C(抗坏血酸)\": 22.296664}','2025-04-02 18:55:00'),(4,102,2,1,'{\"1\": 841.262061344429, \"2\": 216.324530059996, \"3\": 54.081132514999, \"12\": 4.006009815925852, \"16\": 216.324530059996, \"17\": 250.37561349536577, \"18\": 200.30049079629262}','{\"氯\": 2399.5998797395855, \"硒\": 7.287530232855329, \"碘\": 156.55585809831908, \"磷\": 415.56034522991393, \"钙\": 276.6079476430541, \"钠\": 1895.808088494359, \"钾\": 2194.355254953481, \"铁\": 6.104757236806657, \"铜\": 1.3352627692063632, \"锌\": 3.3457888484304155, \"锰\": 4.589333097512889, \"镁\": 347.89378986355325, \"叶酸\": 117.40607659610947, \"嘌呤\": 19.334004874112143, \"果糖\": 43.92507175264331, \"泛酸\": 1.6971050449884915, \"烟酸\": 7.352828753696294, \"脂肪\": 131.39391659367385, \"生物素\": 13.181768288786838, \"蛋白质\": 23.793791526047375, \"维生素A\": 56.59488965345812, \"维生素E\": 8.344778164201935, \"热量 kcal\": 3400.042483333497, \"胡萝卜素\": 668.5928550010726, \"膳食纤维\": 9.521580915689714, \"碳水化合物\": 531.0956881513646, \"维生素B₁(硫胺素)\": 0.2551627391412597, \"维生素B₂(核黄素)\": 0.39505254582925303, \"维生素B₆(吡哆醇)\": 0.08788184033687338, \"维生素C(抗坏血酸)\": 57.5082514788686}','2025-04-14 00:54:00');
/*!40000 ALTER TABLE `dietary_record` ENABLE KEYS */;
UNLOCK TABLES;

--
-- Table structure for table `dris`
--

DROP TABLE IF EXISTS `dris`;
/*!40101 SET @saved_cs_client     = @@character_set_client */;
/*!50503 SET character_set_client = utf8mb4 */;
CREATE TABLE `dris` (
                        `id` int NOT NULL AUTO_INCREMENT COMMENT 'ID',
                        `flag` varchar(20) NOT NULL COMMENT '标识符',
                        `nutrient_id` int NOT NULL COMMENT '营养元素ID',
                        `gender` tinyint(1) NOT NULL COMMENT '性别',
                        `age_l` int NOT NULL COMMENT '最小年龄',
                        `age_r` int NOT NULL COMMENT '最大年龄',
                        `value` double NOT NULL COMMENT '值',
                        PRIMARY KEY (`id`),
                        KEY `nutrient_content_nutrients_id_fk` (`nutrient_id`),
                        CONSTRAINT `DRIs_nutrients_id_fk` FOREIGN KEY (`nutrient_id`) REFERENCES `nutrients` (`id`)
) ENGINE=InnoDB AUTO_INCREMENT=2601 DEFAULT CHARSET=utf8mb4 COLLATE=utf8mb4_0900_ai_ci COMMENT='DRIs';
/*!40101 SET character_set_client = @saved_cs_client */;

--
-- Dumping data for table `dris`
--

LOCK TABLES `dris` WRITE;
/*!40000 ALTER TABLE `dris` DISABLE KEYS */;
INSERT INTO `dris` VALUES (1,'EAR',6,1,4,6,500),(2,'EAR',6,1,7,8,650),(3,'EAR',6,1,9,11,800),(4,'EAR',6,1,12,14,850),(5,'EAR',6,1,15,17,800),(6,'EAR',6,1,18,29,650),(7,'EAR',6,1,30,49,650),(8,'EAR',6,1,50,64,650),(9,'EAR',6,1,65,74,650),(10,'EAR',6,1,75,120,650),(11,'EAR',6,0,4,6,500),(12,'EAR',6,0,7,8,650),(13,'EAR',6,0,9,11,800),(14,'EAR',6,0,12,14,850),(15,'EAR',6,0,15,17,800),(16,'EAR',6,0,18,29,650),(17,'EAR',6,0,30,49,650),(18,'EAR',6,0,50,64,650),(19,'EAR',6,0,65,74,650),(20,'EAR',6,0,75,120,650),(21,'EAR',5,1,4,6,290),(22,'EAR',5,1,7,8,370),(23,'EAR',5,1,9,11,460),(24,'EAR',5,1,12,14,580),(25,'EAR',5,1,15,17,600),(26,'EAR',5,1,18,29,600),(27,'EAR',5,1,30,49,590),(28,'EAR',5,1,50,64,590),(29,'EAR',5,1,65,74,570),(30,'EAR',5,1,75,120,570),(31,'EAR',5,0,4,6,290),(32,'EAR',5,0,7,8,370),(33,'EAR',5,0,9,11,460),(34,'EAR',5,0,12,14,580),(35,'EAR',5,0,15,17,600),(36,'EAR',5,0,18,29,600),(37,'EAR',5,0,30,49,590),(38,'EAR',5,0,50,64,590),(39,'EAR',5,0,65,74,570),(40,'EAR',5,0,75,120,570),(81,'EAR',15,1,4,6,130),(82,'EAR',15,1,7,8,170),(83,'EAR',15,1,9,11,210),(84,'EAR',15,1,12,14,260),(85,'EAR',15,1,15,17,270),(86,'EAR',15,1,18,29,270),(87,'EAR',15,1,30,49,270),(88,'EAR',15,1,50,64,270),(89,'EAR',15,1,65,74,260),(90,'EAR',15,1,75,120,250),(91,'EAR',15,0,4,6,130),(92,'EAR',15,0,7,8,170),(93,'EAR',15,0,9,11,210),(94,'EAR',15,0,12,14,260),(95,'EAR',15,0,15,17,270),(96,'EAR',15,0,18,29,270),(97,'EAR',15,0,30,49,270),(98,'EAR',15,0,50,64,270),(99,'EAR',15,0,65,74,260),(100,'EAR',15,0,75,120,250),(121,'EAR',10,1,4,6,7),(122,'EAR',10,1,7,8,9),(123,'EAR',10,1,9,11,12),(124,'EAR',10,1,12,14,12),(125,'EAR',10,1,15,17,12),(126,'EAR',10,1,18,29,9),(127,'EAR',10,1,30,49,9),(128,'EAR',10,1,50,64,9),(129,'EAR',10,1,65,74,9),(130,'EAR',10,1,75,120,9),(131,'EAR',10,0,4,6,7),(132,'EAR',10,0,7,8,9),(133,'EAR',10,0,9,11,12),(134,'EAR',10,0,12,14,14),(135,'EAR',10,0,15,17,14),(136,'EAR',10,0,18,29,12),(137,'EAR',10,0,30,49,12),(138,'EAR',10,0,50,64,8),(139,'EAR',10,0,65,74,8),(140,'EAR',10,0,75,120,8),(141,'EAR',4,1,4,6,65),(142,'EAR',4,1,7,8,65),(143,'EAR',4,1,9,11,65),(144,'EAR',4,1,12,14,80),(145,'EAR',4,1,15,17,85),(146,'EAR',4,1,18,29,85),(147,'EAR',4,1,30,49,85),(148,'EAR',4,1,50,64,85),(149,'EAR',4,1,65,74,85),(150,'EAR',4,1,75,120,85),(151,'EAR',4,0,4,6,65),(152,'EAR',4,0,7,8,65),(153,'EAR',4,0,9,11,65),(154,'EAR',4,0,12,14,80),(155,'EAR',4,0,15,17,85),(156,'EAR',4,0,18,29,85),(157,'EAR',4,0,30,49,85),(158,'EAR',4,0,50,64,85),(159,'EAR',4,0,65,74,85),(160,'EAR',4,0,75,120,85),(161,'EAR',13,1,4,6,4.6),(162,'EAR',13,1,7,8,5.9),(163,'EAR',13,1,9,11,5.9),(164,'EAR',13,1,12,14,7),(165,'EAR',13,1,15,17,9.7),(166,'EAR',13,1,18,29,10.1),(167,'EAR',13,1,30,49,10.1),(168,'EAR',13,1,50,64,10.1),(169,'EAR',13,1,65,74,10.1),(170,'EAR',13,1,75,120,10.1),(171,'EAR',13,0,4,6,4.6),(172,'EAR',13,0,7,8,5.9),(173,'EAR',13,0,9,11,5.9),(174,'EAR',13,0,12,14,6.3),(175,'EAR',13,0,15,17,6.5),(176,'EAR',13,0,18,29,6.9),(177,'EAR',13,0,30,49,6.9),(178,'EAR',13,0,50,64,6.9),(179,'EAR',13,0,65,74,6.9),(180,'EAR',13,0,75,120,6.9),(181,'EAR',3,1,4,6,25),(182,'EAR',3,1,7,8,30),(183,'EAR',3,1,9,11,40),(184,'EAR',3,1,12,14,50),(185,'EAR',3,1,15,17,50),(186,'EAR',3,1,18,29,50),(187,'EAR',3,1,30,49,50),(188,'EAR',3,1,50,64,50),(189,'EAR',3,1,65,74,50),(190,'EAR',3,1,75,120,50),(191,'EAR',3,0,4,6,25),(192,'EAR',3,0,7,8,30),(193,'EAR',3,0,9,11,40),(194,'EAR',3,0,12,14,50),(195,'EAR',3,0,15,17,50),(196,'EAR',3,0,18,29,50),(197,'EAR',3,0,30,49,50),(198,'EAR',3,0,50,64,50),(199,'EAR',3,0,65,74,50),(200,'EAR',3,0,75,120,50),(201,'EAR',11,1,4,6,0.3),(202,'EAR',11,1,7,8,0.38),(203,'EAR',11,1,9,11,0.47),(204,'EAR',11,1,12,14,0.56),(205,'EAR',11,1,15,17,0.59),(206,'EAR',11,1,18,29,0.62),(207,'EAR',11,1,30,49,0.6),(208,'EAR',11,1,50,64,0.6),(209,'EAR',11,1,65,74,0.58),(210,'EAR',11,1,75,120,0.57),(211,'EAR',11,0,4,6,0.3),(212,'EAR',11,0,7,8,0.38),(213,'EAR',11,0,9,11,0.47),(214,'EAR',11,0,12,14,0.56),(215,'EAR',11,0,15,17,0.59),(216,'EAR',11,0,18,29,0.62),(217,'EAR',11,0,30,49,0.6),(218,'EAR',11,0,50,64,0.6),(219,'EAR',11,0,65,74,0.58),(220,'EAR',11,0,75,120,0.57),(281,'EAR',8,1,4,6,10),(282,'EAR',8,1,7,8,12),(283,'EAR',8,1,9,11,15),(284,'EAR',8,1,12,14,20),(285,'EAR',8,1,15,17,20),(286,'EAR',8,1,18,29,20),(287,'EAR',8,1,30,49,20),(288,'EAR',8,1,50,64,20),(289,'EAR',8,1,65,74,20),(290,'EAR',8,1,75,120,20),(291,'EAR',8,0,4,6,10),(292,'EAR',8,0,7,8,12),(293,'EAR',8,0,9,11,15),(294,'EAR',8,0,12,14,20),(295,'EAR',8,0,15,17,20),(296,'EAR',8,0,18,29,20),(297,'EAR',8,0,30,49,20),(298,'EAR',8,0,50,64,20),(299,'EAR',8,0,65,74,20),(300,'EAR',8,0,75,120,20),(301,'EAR',24,1,4,6,280),(302,'EAR',24,1,7,8,300),(303,'EAR',24,1,9,11,400),(304,'EAR',24,1,12,14,560),(305,'EAR',24,1,15,17,580),(306,'EAR',24,1,18,29,550),(307,'EAR',24,1,30,49,550),(308,'EAR',24,1,50,64,540),(309,'EAR',24,1,65,74,520),(310,'EAR',24,1,75,120,500),(311,'EAR',24,0,4,6,270),(312,'EAR',24,0,7,8,280),(313,'EAR',24,0,9,11,380),(314,'EAR',24,0,12,14,520),(315,'EAR',24,0,15,17,480),(316,'EAR',24,0,18,29,470),(317,'EAR',24,0,30,49,470),(318,'EAR',24,0,50,64,470),(319,'EAR',24,0,65,74,460),(320,'EAR',24,0,75,120,430),(321,'EAR',25,1,4,6,8),(322,'EAR',25,1,7,8,8),(323,'EAR',25,1,9,11,8),(324,'EAR',25,1,12,14,8),(325,'EAR',25,1,15,17,8),(326,'EAR',25,1,18,29,8),(327,'EAR',25,1,30,49,8),(328,'EAR',25,1,50,64,8),(329,'EAR',25,1,65,74,8),(330,'EAR',25,1,75,120,8),(331,'EAR',25,0,4,6,8),(332,'EAR',25,0,7,8,8),(333,'EAR',25,0,9,11,8),(334,'EAR',25,0,12,14,8),(335,'EAR',25,0,15,17,8),(336,'EAR',25,0,18,29,8),(337,'EAR',25,0,30,49,8),(338,'EAR',25,0,50,64,8),(339,'EAR',25,0,65,74,8),(340,'EAR',25,0,75,120,8),(381,'EAR',38,1,4,6,0.7),(382,'EAR',38,1,7,8,0.8),(383,'EAR',38,1,9,11,0.9),(384,'EAR',38,1,12,14,1.2),(385,'EAR',38,1,15,17,1.4),(386,'EAR',38,1,18,29,1.2),(387,'EAR',38,1,30,49,1.2),(388,'EAR',38,1,50,64,1.2),(389,'EAR',38,1,65,74,1.2),(390,'EAR',38,1,75,120,1.2),(391,'EAR',38,0,4,6,0.7),(392,'EAR',38,0,7,8,0.7),(393,'EAR',38,0,9,11,0.8),(394,'EAR',38,0,12,14,1),(395,'EAR',38,0,15,17,1.1),(396,'EAR',38,0,18,29,1),(397,'EAR',38,0,30,49,1),(398,'EAR',38,0,50,64,1),(399,'EAR',38,0,65,74,1),(400,'EAR',38,0,75,120,1),(401,'EAR',39,1,4,6,0.7),(402,'EAR',39,1,7,8,0.8),(403,'EAR',39,1,9,11,0.9),(404,'EAR',39,1,12,14,1.2),(405,'EAR',39,1,15,17,1.3),(406,'EAR',39,1,18,29,1.2),(407,'EAR',39,1,30,49,1.2),(408,'EAR',39,1,50,64,1.2),(409,'EAR',39,1,65,74,1.2),(410,'EAR',39,1,75,120,1.2),(411,'EAR',39,0,4,6,0.6),(412,'EAR',39,0,7,8,0.7),(413,'EAR',39,0,9,11,0.8),(414,'EAR',39,0,12,14,1),(415,'EAR',39,0,15,17,1),(416,'EAR',39,0,18,29,1),(417,'EAR',39,0,30,49,1),(418,'EAR',39,0,50,64,1),(419,'EAR',39,0,65,74,1),(420,'EAR',39,0,75,120,1),(421,'EAR',43,1,4,6,6),(422,'EAR',43,1,7,8,7),(423,'EAR',43,1,9,11,9),(424,'EAR',43,1,12,14,11),(425,'EAR',43,1,15,17,13),(426,'EAR',43,1,18,29,12),(427,'EAR',43,1,30,49,12),(428,'EAR',43,1,50,64,12),(429,'EAR',43,1,65,74,12),(430,'EAR',43,1,75,120,12),(431,'EAR',43,0,4,6,5),(432,'EAR',43,0,7,8,6),(433,'EAR',43,0,9,11,8),(434,'EAR',43,0,12,14,10),(435,'EAR',43,0,15,17,10),(436,'EAR',43,0,18,29,10),(437,'EAR',43,0,30,49,10),(438,'EAR',43,0,50,64,10),(439,'EAR',43,0,65,74,10),(440,'EAR',43,0,75,120,10),(461,'EAR',40,1,4,6,0.6),(462,'EAR',40,1,7,8,0.7),(463,'EAR',40,1,9,11,0.8),(464,'EAR',40,1,12,14,1.1),(465,'EAR',40,1,15,17,1.2),(466,'EAR',40,1,18,29,1.2),(467,'EAR',40,1,30,49,1.2),(468,'EAR',40,1,50,64,1.3),(469,'EAR',40,1,65,74,1.3),(470,'EAR',40,1,75,120,1.3),(471,'EAR',40,0,4,6,0.6),(472,'EAR',40,0,7,8,0.7),(473,'EAR',40,0,9,11,0.8),(474,'EAR',40,0,12,14,1.1),(475,'EAR',40,0,15,17,1.2),(476,'EAR',40,0,18,29,1.2),(477,'EAR',40,0,30,49,1.2),(478,'EAR',40,0,50,64,1.3),(479,'EAR',40,0,65,74,1.3),(480,'EAR',40,0,75,120,1.3),(481,'EAR',16,1,4,6,160),(482,'EAR',16,1,7,8,200),(483,'EAR',16,1,9,11,240),(484,'EAR',16,1,12,14,310),(485,'EAR',16,1,15,17,320),(486,'EAR',16,1,18,29,320),(487,'EAR',16,1,30,49,320),(488,'EAR',16,1,50,64,320),(489,'EAR',16,1,65,74,320),(490,'EAR',16,1,75,120,320),(491,'EAR',16,0,4,6,160),(492,'EAR',16,0,7,8,200),(493,'EAR',16,0,9,11,240),(494,'EAR',16,0,12,14,310),(495,'EAR',16,0,15,17,320),(496,'EAR',16,0,18,29,320),(497,'EAR',16,0,30,49,320),(498,'EAR',16,0,50,64,320),(499,'EAR',16,0,65,74,320),(500,'EAR',16,0,75,120,320),(501,'EAR',41,1,4,6,1),(502,'EAR',41,1,7,8,1.2),(503,'EAR',41,1,9,11,1.5),(504,'EAR',41,1,12,14,1.7),(505,'EAR',41,1,15,17,2.1),(506,'EAR',41,1,18,29,2),(507,'EAR',41,1,30,49,2),(508,'EAR',41,1,50,64,2),(509,'EAR',41,1,65,74,2),(510,'EAR',41,1,75,120,2),(511,'EAR',41,0,4,6,1),(512,'EAR',41,0,7,8,1.2),(513,'EAR',41,0,9,11,1.5),(514,'EAR',41,0,12,14,1.7),(515,'EAR',41,0,15,17,2.1),(516,'EAR',41,0,18,29,2),(517,'EAR',41,0,30,49,2),(518,'EAR',41,0,50,64,2),(519,'EAR',41,0,65,74,2),(520,'EAR',41,0,75,120,2),(581,'EAR',42,1,4,6,40),(582,'EAR',42,1,7,8,50),(583,'EAR',42,1,9,11,65),(584,'EAR',42,1,12,14,80),(585,'EAR',42,1,15,17,85),(586,'EAR',42,1,18,29,85),(587,'EAR',42,1,30,49,85),(588,'EAR',42,1,50,64,85),(589,'EAR',42,1,65,74,85),(590,'EAR',42,1,75,120,85),(591,'EAR',42,0,4,6,40),(592,'EAR',42,0,7,8,50),(593,'EAR',42,0,9,11,65),(594,'EAR',42,0,12,14,80),(595,'EAR',42,0,15,17,85),(596,'EAR',42,0,18,29,85),(597,'EAR',42,0,30,49,85),(598,'EAR',42,0,50,64,85),(599,'EAR',42,0,65,74,85),(600,'EAR',42,0,75,120,85),(601,'RNI',6,1,4,6,600),(602,'RNI',6,1,7,8,800),(603,'RNI',6,1,9,11,1000),(604,'RNI',6,1,12,14,1000),(605,'RNI',6,1,15,17,1000),(606,'RNI',6,1,18,29,800),(607,'RNI',6,1,30,49,800),(608,'RNI',6,1,50,64,800),(609,'RNI',6,1,65,74,800),(610,'RNI',6,1,75,120,800),(611,'RNI',6,0,4,6,600),(612,'RNI',6,0,7,8,800),(613,'RNI',6,0,9,11,1000),(614,'RNI',6,0,12,14,1000),(615,'RNI',6,0,15,17,1000),(616,'RNI',6,0,18,29,800),(617,'RNI',6,0,30,49,800),(618,'RNI',6,0,50,64,800),(619,'RNI',6,0,65,74,800),(620,'RNI',6,0,75,120,800),(621,'RNI',5,1,4,6,350),(622,'RNI',5,1,7,8,440),(623,'RNI',5,1,9,11,550),(624,'RNI',5,1,12,14,700),(625,'RNI',5,1,15,17,720),(626,'RNI',5,1,18,29,720),(627,'RNI',5,1,30,49,710),(628,'RNI',5,1,50,64,710),(629,'RNI',5,1,65,74,680),(630,'RNI',5,1,75,120,680),(631,'RNI',5,0,4,6,350),(632,'RNI',5,0,7,8,440),(633,'RNI',5,0,9,11,550),(634,'RNI',5,0,12,14,700),(635,'RNI',5,0,15,17,720),(636,'RNI',5,0,18,29,720),(637,'RNI',5,0,30,49,710),(638,'RNI',5,0,50,64,710),(639,'RNI',5,0,65,74,680),(640,'RNI',5,0,75,120,680),(641,'RNI',9,1,4,6,1100),(642,'RNI',9,1,7,8,1300),(643,'RNI',9,1,9,11,1600),(644,'RNI',9,1,12,14,1800),(645,'RNI',9,1,15,17,2000),(646,'RNI',9,1,18,29,2000),(647,'RNI',9,1,30,49,2000),(648,'RNI',9,1,50,64,2000),(649,'RNI',9,1,65,74,2000),(650,'RNI',9,1,75,120,2000),(651,'RNI',9,0,4,6,1100),(652,'RNI',9,0,7,8,1300),(653,'RNI',9,0,9,11,1600),(654,'RNI',9,0,12,14,1800),(655,'RNI',9,0,15,17,2000),(656,'RNI',9,0,18,29,2000),(657,'RNI',9,0,30,49,2000),(658,'RNI',9,0,50,64,2000),(659,'RNI',9,0,65,74,2000),(660,'RNI',9,0,75,120,2000),(661,'RNI',7,1,4,6,800),(662,'RNI',7,1,7,8,900),(663,'RNI',7,1,9,11,1100),(664,'RNI',7,1,12,14,1400),(665,'RNI',7,1,15,17,1600),(666,'RNI',7,1,18,29,1500),(667,'RNI',7,1,30,49,1500),(668,'RNI',7,1,50,64,1500),(669,'RNI',7,1,65,74,1400),(670,'RNI',7,1,75,120,1400),(671,'RNI',7,0,4,6,800),(672,'RNI',7,0,7,8,900),(673,'RNI',7,0,9,11,1100),(674,'RNI',7,0,12,14,1400),(675,'RNI',7,0,15,17,1600),(676,'RNI',7,0,18,29,1500),(677,'RNI',7,0,30,49,1500),(678,'RNI',7,0,50,64,1500),(679,'RNI',7,0,65,74,1400),(680,'RNI',7,0,75,120,1400),(681,'RNI',15,1,4,6,160),(682,'RNI',15,1,7,8,200),(683,'RNI',15,1,9,11,250),(684,'RNI',15,1,12,14,320),(685,'RNI',15,1,15,17,330),(686,'RNI',15,1,18,29,330),(687,'RNI',15,1,30,49,320),(688,'RNI',15,1,50,64,320),(689,'RNI',15,1,65,74,310),(690,'RNI',15,1,75,120,300),(691,'RNI',15,0,4,6,160),(692,'RNI',15,0,7,8,200),(693,'RNI',15,0,9,11,250),(694,'RNI',15,0,12,14,320),(695,'RNI',15,0,15,17,330),(696,'RNI',15,0,18,29,330),(697,'RNI',15,0,30,49,320),(698,'RNI',15,0,50,64,320),(699,'RNI',15,0,65,74,310),(700,'RNI',15,0,75,120,300),(701,'RNI',2,1,4,6,1200),(702,'RNI',2,1,7,8,1400),(703,'RNI',2,1,9,11,1700),(704,'RNI',2,1,12,14,2200),(705,'RNI',2,1,15,17,2500),(706,'RNI',2,1,18,29,2300),(707,'RNI',2,1,30,49,2300),(708,'RNI',2,1,50,64,2300),(709,'RNI',2,1,65,74,2200),(710,'RNI',2,1,75,120,2200),(711,'RNI',2,0,4,6,1200),(712,'RNI',2,0,7,8,1400),(713,'RNI',2,0,9,11,1700),(714,'RNI',2,0,12,14,2200),(715,'RNI',2,0,15,17,2500),(716,'RNI',2,0,18,29,2300),(717,'RNI',2,0,30,49,2300),(718,'RNI',2,0,50,64,2300),(719,'RNI',2,0,65,74,2200),(720,'RNI',2,0,75,120,2200),(721,'RNI',10,1,4,6,10),(722,'RNI',10,1,7,8,12),(723,'RNI',10,1,9,11,16),(724,'RNI',10,1,12,14,16),(725,'RNI',10,1,15,17,16),(726,'RNI',10,1,18,29,12),(727,'RNI',10,1,30,49,12),(728,'RNI',10,1,50,64,12),(729,'RNI',10,1,65,74,12),(730,'RNI',10,1,75,120,12),(731,'RNI',10,0,4,6,10),(732,'RNI',10,0,7,8,12),(733,'RNI',10,0,9,11,16),(734,'RNI',10,0,12,14,18),(735,'RNI',10,0,15,17,18),(736,'RNI',10,0,18,29,18),(737,'RNI',10,0,30,49,18),(738,'RNI',10,0,50,64,10),(739,'RNI',10,0,65,74,10),(740,'RNI',10,0,75,120,10),(741,'RNI',4,1,4,6,90),(742,'RNI',4,1,7,8,90),(743,'RNI',4,1,9,11,90),(744,'RNI',4,1,12,14,110),(745,'RNI',4,1,15,17,120),(746,'RNI',4,1,18,29,120),(747,'RNI',4,1,30,49,120),(748,'RNI',4,1,50,64,120),(749,'RNI',4,1,65,74,120),(750,'RNI',4,1,75,120,120),(751,'RNI',4,0,4,6,90),(752,'RNI',4,0,7,8,90),(753,'RNI',4,0,9,11,90),(754,'RNI',4,0,12,14,110),(755,'RNI',4,0,15,17,120),(756,'RNI',4,0,18,29,120),(757,'RNI',4,0,30,49,120),(758,'RNI',4,0,50,64,120),(759,'RNI',4,0,65,74,120),(760,'RNI',4,0,75,120,120),(761,'RNI',13,1,4,6,5.5),(762,'RNI',13,1,7,8,7),(763,'RNI',13,1,9,11,7),(764,'RNI',13,1,12,14,8.5),(765,'RNI',13,1,15,17,11.5),(766,'RNI',13,1,18,29,12),(767,'RNI',13,1,30,49,12),(768,'RNI',13,1,50,64,12),(769,'RNI',13,1,65,74,12),(770,'RNI',13,1,75,120,12),(771,'RNI',13,0,4,6,5.5),(772,'RNI',13,0,7,8,7),(773,'RNI',13,0,9,11,7),(774,'RNI',13,0,12,14,7.5),(775,'RNI',13,0,15,17,8),(776,'RNI',13,0,18,29,8.5),(777,'RNI',13,0,30,49,8.5),(778,'RNI',13,0,50,64,8.5),(779,'RNI',13,0,65,74,8.5),(780,'RNI',13,0,75,120,8.5),(781,'RNI',3,1,4,6,30),(782,'RNI',3,1,7,8,40),(783,'RNI',3,1,9,11,45),(784,'RNI',3,1,12,14,60),(785,'RNI',3,1,15,17,60),(786,'RNI',3,1,18,29,60),(787,'RNI',3,1,30,49,60),(788,'RNI',3,1,50,64,60),(789,'RNI',3,1,65,74,60),(790,'RNI',3,1,75,120,60),(791,'RNI',3,0,4,6,30),(792,'RNI',3,0,7,8,40),(793,'RNI',3,0,9,11,45),(794,'RNI',3,0,12,14,60),(795,'RNI',3,0,15,17,60),(796,'RNI',3,0,18,29,60),(797,'RNI',3,0,30,49,60),(798,'RNI',3,0,50,64,60),(799,'RNI',3,0,65,74,60),(800,'RNI',3,0,75,120,60),(801,'RNI',11,1,4,6,0.4),(802,'RNI',11,1,7,8,0.5),(803,'RNI',11,1,9,11,0.6),(804,'RNI',11,1,12,14,0.7),(805,'RNI',11,1,15,17,0.8),(806,'RNI',11,1,18,29,0.8),(807,'RNI',11,1,30,49,0.8),(808,'RNI',11,1,50,64,0.8),(809,'RNI',11,1,65,74,0.8),(810,'RNI',11,1,75,120,0.7),(811,'RNI',11,0,4,6,0.4),(812,'RNI',11,0,7,8,0.5),(813,'RNI',11,0,9,11,0.6),(814,'RNI',11,0,12,14,0.7),(815,'RNI',11,0,15,17,0.8),(816,'RNI',11,0,18,29,0.8),(817,'RNI',11,0,30,49,0.8),(818,'RNI',11,0,50,64,0.8),(819,'RNI',11,0,65,74,0.8),(820,'RNI',11,0,75,120,0.7),(821,'RNI',1,1,4,6,0.7),(822,'RNI',1,1,7,8,0.9),(823,'RNI',1,1,9,11,1.1),(824,'RNI',1,1,12,14,1.4),(825,'RNI',1,1,15,17,1.5),(826,'RNI',1,1,18,29,1.5),(827,'RNI',1,1,30,49,1.5),(828,'RNI',1,1,50,64,1.5),(829,'RNI',1,1,65,74,1.5),(830,'RNI',1,1,75,120,1.5),(831,'RNI',1,0,4,6,0.7),(832,'RNI',1,0,7,8,0.9),(833,'RNI',1,0,9,11,1.1),(834,'RNI',1,0,12,14,1.4),(835,'RNI',1,0,15,17,1.5),(836,'RNI',1,0,18,29,1.5),(837,'RNI',1,0,30,49,1.5),(838,'RNI',1,0,50,64,1.5),(839,'RNI',1,0,65,74,1.5),(840,'RNI',1,0,75,120,1.5),(841,'RNI',12,1,4,6,15),(842,'RNI',12,1,7,8,20),(843,'RNI',12,1,9,11,25),(844,'RNI',12,1,12,14,33),(845,'RNI',12,1,15,17,35),(846,'RNI',12,1,18,29,35),(847,'RNI',12,1,30,49,35),(848,'RNI',12,1,50,64,30),(849,'RNI',12,1,65,74,30),(850,'RNI',12,1,75,120,30),(851,'RNI',12,0,4,6,15),(852,'RNI',12,0,7,8,20),(853,'RNI',12,0,9,11,25),(854,'RNI',12,0,12,14,30),(855,'RNI',12,0,15,17,30),(856,'RNI',12,0,18,29,30),(857,'RNI',12,0,30,49,30),(858,'RNI',12,0,50,64,25),(859,'RNI',12,0,65,74,25),(860,'RNI',12,0,75,120,25),(861,'RNI',14,1,4,6,2),(862,'RNI',14,1,7,8,2.5),(863,'RNI',14,1,9,11,3.5),(864,'RNI',14,1,12,14,4.5),(865,'RNI',14,1,15,17,5),(866,'RNI',14,1,18,29,4.5),(867,'RNI',14,1,30,49,4.5),(868,'RNI',14,1,50,64,4.5),(869,'RNI',14,1,65,74,4.5),(870,'RNI',14,1,75,120,4.5),(871,'RNI',14,0,4,6,2),(872,'RNI',14,0,7,8,2.5),(873,'RNI',14,0,9,11,3),(874,'RNI',14,0,12,14,4),(875,'RNI',14,0,15,17,4),(876,'RNI',14,0,18,29,4),(877,'RNI',14,0,30,49,4),(878,'RNI',14,0,50,64,4),(879,'RNI',14,0,65,74,4),(880,'RNI',14,0,75,120,4),(881,'RNI',8,1,4,6,12),(882,'RNI',8,1,7,8,15),(883,'RNI',8,1,9,11,20),(884,'RNI',8,1,12,14,25),(885,'RNI',8,1,15,17,25),(886,'RNI',8,1,18,29,25),(887,'RNI',8,1,30,49,25),(888,'RNI',8,1,50,64,25),(889,'RNI',8,1,65,74,25),(890,'RNI',8,1,75,120,25),(891,'RNI',8,0,4,6,12),(892,'RNI',8,0,7,8,15),(893,'RNI',8,0,9,11,20),(894,'RNI',8,0,12,14,25),(895,'RNI',8,0,15,17,25),(896,'RNI',8,0,18,29,25),(897,'RNI',8,0,30,49,25),(898,'RNI',8,0,50,64,25),(899,'RNI',8,0,65,74,25),(900,'RNI',8,0,75,120,25),(901,'RNI',24,1,4,6,390),(902,'RNI',24,1,7,8,430),(903,'RNI',24,1,9,11,560),(904,'RNI',24,1,12,14,780),(905,'RNI',24,1,15,17,810),(906,'RNI',24,1,18,29,770),(907,'RNI',24,1,30,49,770),(908,'RNI',24,1,50,64,750),(909,'RNI',24,1,65,74,730),(910,'RNI',24,1,75,120,710),(911,'RNI',24,0,4,6,380),(912,'RNI',24,0,7,8,390),(913,'RNI',24,0,9,11,540),(914,'RNI',24,0,12,14,730),(915,'RNI',24,0,15,17,670),(916,'RNI',24,0,18,29,660),(917,'RNI',24,0,30,49,660),(918,'RNI',24,0,50,64,660),(919,'RNI',24,0,65,74,640),(920,'RNI',24,0,75,120,600),(921,'RNI',25,1,4,6,10),(922,'RNI',25,1,7,8,10),(923,'RNI',25,1,9,11,10),(924,'RNI',25,1,12,14,10),(925,'RNI',25,1,15,17,10),(926,'RNI',25,1,18,29,10),(927,'RNI',25,1,30,49,10),(928,'RNI',25,1,50,64,10),(929,'RNI',25,1,65,74,15),(930,'RNI',25,1,75,120,15),(931,'RNI',25,0,4,6,10),(932,'RNI',25,0,7,8,10),(933,'RNI',25,0,9,11,10),(934,'RNI',25,0,12,14,10),(935,'RNI',25,0,15,17,10),(936,'RNI',25,0,18,29,10),(937,'RNI',25,0,30,49,10),(938,'RNI',25,0,50,64,10),(939,'RNI',25,0,65,74,15),(940,'RNI',25,0,75,120,15),(941,'RNI',26,1,4,6,7),(942,'RNI',26,1,7,8,9),(943,'RNI',26,1,9,11,11),(944,'RNI',26,1,12,14,13),(945,'RNI',26,1,15,17,14),(946,'RNI',26,1,18,29,14),(947,'RNI',26,1,30,49,14),(948,'RNI',26,1,50,64,14),(949,'RNI',26,1,65,74,14),(950,'RNI',26,1,75,120,14),(951,'RNI',26,0,4,6,7),(952,'RNI',26,0,7,8,9),(953,'RNI',26,0,9,11,11),(954,'RNI',26,0,12,14,13),(955,'RNI',26,0,15,17,14),(956,'RNI',26,0,18,29,14),(957,'RNI',26,0,30,49,14),(958,'RNI',26,0,50,64,14),(959,'RNI',26,0,65,74,14),(960,'RNI',26,0,75,120,14),(961,'RNI',27,1,4,6,40),(962,'RNI',27,1,7,8,50),(963,'RNI',27,1,9,11,60),(964,'RNI',27,1,12,14,70),(965,'RNI',27,1,15,17,75),(966,'RNI',27,1,18,29,80),(967,'RNI',27,1,30,49,80),(968,'RNI',27,1,50,64,80),(969,'RNI',27,1,65,74,80),(970,'RNI',27,1,75,120,80),(971,'RNI',27,0,4,6,40),(972,'RNI',27,0,7,8,50),(973,'RNI',27,0,9,11,60),(974,'RNI',27,0,12,14,70),(975,'RNI',27,0,15,17,75),(976,'RNI',27,0,18,29,80),(977,'RNI',27,0,30,49,80),(978,'RNI',27,0,50,64,80),(979,'RNI',27,0,65,74,80),(980,'RNI',27,0,75,120,80),(981,'RNI',38,1,4,6,0.9),(982,'RNI',38,1,7,8,1),(983,'RNI',38,1,9,11,1.1),(984,'RNI',38,1,12,14,1.4),(985,'RNI',38,1,15,17,1.6),(986,'RNI',38,1,18,29,1.4),(987,'RNI',38,1,30,49,1.4),(988,'RNI',38,1,50,64,1.4),(989,'RNI',38,1,65,74,1.4),(990,'RNI',38,1,75,120,1.4),(991,'RNI',38,0,4,6,0.9),(992,'RNI',38,0,7,8,0.9),(993,'RNI',38,0,9,11,1),(994,'RNI',38,0,12,14,1.2),(995,'RNI',38,0,15,17,1.3),(996,'RNI',38,0,18,29,1.2),(997,'RNI',38,0,30,49,1.2),(998,'RNI',38,0,50,64,1.2),(999,'RNI',38,0,65,74,1.2),(1000,'RNI',38,0,75,120,1.2),(1001,'RNI',39,1,4,6,0.9),(1002,'RNI',39,1,7,8,1),(1003,'RNI',39,1,9,11,1.1),(1004,'RNI',39,1,12,14,1.4),(1005,'RNI',39,1,15,17,1.6),(1006,'RNI',39,1,18,29,1.4),(1007,'RNI',39,1,30,49,1.4),(1008,'RNI',39,1,50,64,1.4),(1009,'RNI',39,1,65,74,1.4),(1010,'RNI',39,1,75,120,1.4),(1011,'RNI',39,0,4,6,0.8),(1012,'RNI',39,0,7,8,0.9),(1013,'RNI',39,0,9,11,1),(1014,'RNI',39,0,12,14,1.2),(1015,'RNI',39,0,15,17,1.2),(1016,'RNI',39,0,18,29,1.2),(1017,'RNI',39,0,30,49,1.2),(1018,'RNI',39,0,50,64,1.2),(1019,'RNI',39,0,65,74,1.2),(1020,'RNI',39,0,75,120,1.2),(1021,'RNI',43,1,4,6,7),(1022,'RNI',43,1,7,8,9),(1023,'RNI',43,1,9,11,10),(1024,'RNI',43,1,12,14,13),(1025,'RNI',43,1,15,17,15),(1026,'RNI',43,1,18,29,15),(1027,'RNI',43,1,30,49,15),(1028,'RNI',43,1,50,64,15),(1029,'RNI',43,1,65,74,15),(1030,'RNI',43,1,75,120,15),(1031,'RNI',43,0,4,6,6),(1032,'RNI',43,0,7,8,8),(1033,'RNI',43,0,9,11,10),(1034,'RNI',43,0,12,14,12),(1035,'RNI',43,0,15,17,12),(1036,'RNI',43,0,18,29,12),(1037,'RNI',43,0,30,49,12),(1038,'RNI',43,0,50,64,12),(1039,'RNI',43,0,65,74,12),(1040,'RNI',43,0,75,120,12),(1061,'RNI',40,1,4,6,0.7),(1062,'RNI',40,1,7,8,0.8),(1063,'RNI',40,1,9,11,1),(1064,'RNI',40,1,12,14,1.3),(1065,'RNI',40,1,15,17,1.4),(1066,'RNI',40,1,18,29,1.4),(1067,'RNI',40,1,30,49,1.4),(1068,'RNI',40,1,50,64,1.6),(1069,'RNI',40,1,65,74,1.6),(1070,'RNI',40,1,75,120,1.6),(1071,'RNI',40,0,4,6,0.7),(1072,'RNI',40,0,7,8,0.8),(1073,'RNI',40,0,9,11,1),(1074,'RNI',40,0,12,14,1.3),(1075,'RNI',40,0,15,17,1.4),(1076,'RNI',40,0,18,29,1.4),(1077,'RNI',40,0,30,49,1.4),(1078,'RNI',40,0,50,64,1.6),(1079,'RNI',40,0,65,74,1.6),(1080,'RNI',40,0,75,120,1.6),(1081,'RNI',16,1,4,6,190),(1082,'RNI',16,1,7,8,240),(1083,'RNI',16,1,9,11,290),(1084,'RNI',16,1,12,14,370),(1085,'RNI',16,1,15,17,400),(1086,'RNI',16,1,18,29,400),(1087,'RNI',16,1,30,49,400),(1088,'RNI',16,1,50,64,400),(1089,'RNI',16,1,65,74,400),(1090,'RNI',16,1,75,120,400),(1091,'RNI',16,0,4,6,190),(1092,'RNI',16,0,7,8,240),(1093,'RNI',16,0,9,11,290),(1094,'RNI',16,0,12,14,370),(1095,'RNI',16,0,15,17,400),(1096,'RNI',16,0,18,29,400),(1097,'RNI',16,0,30,49,400),(1098,'RNI',16,0,50,64,400),(1099,'RNI',16,0,65,74,400),(1100,'RNI',16,0,75,120,400),(1101,'RNI',41,1,4,6,1.2),(1102,'RNI',41,1,7,8,1.4),(1103,'RNI',41,1,9,11,1.8),(1104,'RNI',41,1,12,14,2),(1105,'RNI',41,1,15,17,2.5),(1106,'RNI',41,1,18,29,2.4),(1107,'RNI',41,1,30,49,2.4),(1108,'RNI',41,1,50,64,2.4),(1109,'RNI',41,1,65,74,2.4),(1110,'RNI',41,1,75,120,2.4),(1111,'RNI',41,0,4,6,1.2),(1112,'RNI',41,0,7,8,1.4),(1113,'RNI',41,0,9,11,1.8),(1114,'RNI',41,0,12,14,2),(1115,'RNI',41,0,15,17,2.5),(1116,'RNI',41,0,18,29,2.4),(1117,'RNI',41,0,30,49,2.4),(1118,'RNI',41,0,50,64,2.4),(1119,'RNI',41,0,65,74,2.4),(1120,'RNI',41,0,75,120,2.4),(1121,'RNI',18,1,4,6,2.5),(1122,'RNI',18,1,7,8,3.1),(1123,'RNI',18,1,9,11,3.8),(1124,'RNI',18,1,12,14,4.9),(1125,'RNI',18,1,15,17,5),(1126,'RNI',18,1,18,29,5),(1127,'RNI',18,1,30,49,5),(1128,'RNI',18,1,50,64,5),(1129,'RNI',18,1,65,74,5),(1130,'RNI',18,1,75,120,5),(1131,'RNI',18,0,4,6,2.5),(1132,'RNI',18,0,7,8,3.1),(1133,'RNI',18,0,9,11,3.8),(1134,'RNI',18,0,12,14,4.9),(1135,'RNI',18,0,15,17,5),(1136,'RNI',18,0,18,29,5),(1137,'RNI',18,0,30,49,5),(1138,'RNI',18,0,50,64,5),(1139,'RNI',18,0,65,74,5),(1140,'RNI',18,0,75,120,5),(1141,'RNI',21,1,4,6,20),(1142,'RNI',21,1,7,8,25),(1143,'RNI',21,1,9,11,30),(1144,'RNI',21,1,12,14,35),(1145,'RNI',21,1,15,17,40),(1146,'RNI',21,1,18,29,40),(1147,'RNI',21,1,30,49,40),(1148,'RNI',21,1,50,64,40),(1149,'RNI',21,1,65,74,40),(1150,'RNI',21,1,75,120,40),(1151,'RNI',21,0,4,6,20),(1152,'RNI',21,0,7,8,25),(1153,'RNI',21,0,9,11,30),(1154,'RNI',21,0,12,14,35),(1155,'RNI',21,0,15,17,40),(1156,'RNI',21,0,18,29,40),(1157,'RNI',21,0,30,49,40),(1158,'RNI',21,0,50,64,40),(1159,'RNI',21,0,65,74,40),(1160,'RNI',21,0,75,120,40),(1161,'RNI',19,1,4,6,200),(1162,'RNI',19,1,7,8,250),(1163,'RNI',19,1,9,11,300),(1164,'RNI',19,1,12,14,380),(1165,'RNI',19,1,15,17,450),(1166,'RNI',19,1,18,29,450),(1167,'RNI',19,1,30,49,450),(1168,'RNI',19,1,50,64,450),(1169,'RNI',19,1,65,74,450),(1170,'RNI',19,1,75,120,450),(1171,'RNI',19,0,4,6,200),(1172,'RNI',19,0,7,8,250),(1173,'RNI',19,0,9,11,300),(1174,'RNI',19,0,12,14,380),(1175,'RNI',19,0,15,17,380),(1176,'RNI',19,0,18,29,380),(1177,'RNI',19,0,30,49,380),(1178,'RNI',19,0,50,64,380),(1179,'RNI',19,0,65,74,380),(1180,'RNI',19,0,75,120,380),(1181,'RNI',42,1,4,6,50),(1182,'RNI',42,1,7,8,60),(1183,'RNI',42,1,9,11,75),(1184,'RNI',42,1,12,14,95),(1185,'RNI',42,1,15,17,100),(1186,'RNI',42,1,18,29,100),(1187,'RNI',42,1,30,49,100),(1188,'RNI',42,1,50,64,100),(1189,'RNI',42,1,65,74,100),(1190,'RNI',42,1,75,120,100),(1191,'RNI',42,0,4,6,50),(1192,'RNI',42,0,7,8,60),(1193,'RNI',42,0,9,11,75),(1194,'RNI',42,0,12,14,95),(1195,'RNI',42,0,15,17,100),(1196,'RNI',42,0,18,29,100),(1197,'RNI',42,0,30,49,100),(1198,'RNI',42,0,50,64,100),(1199,'RNI',42,0,65,74,100),(1200,'RNI',42,0,75,120,100),(1201,'UL',6,1,4,6,2000),(1202,'UL',6,1,7,8,2000),(1203,'UL',6,1,9,11,2000),(1204,'UL',6,1,12,14,2000),(1205,'UL',6,1,15,17,2000),(1206,'UL',6,1,18,29,2000),(1207,'UL',6,1,30,49,2000),(1208,'UL',6,1,50,64,2000),(1209,'UL',6,1,65,74,2000),(1210,'UL',6,1,75,120,2000),(1211,'UL',6,0,4,6,2000),(1212,'UL',6,0,7,8,2000),(1213,'UL',6,0,9,11,2000),(1214,'UL',6,0,12,14,2000),(1215,'UL',6,0,15,17,2000),(1216,'UL',6,0,18,29,2000),(1217,'UL',6,0,30,49,2000),(1218,'UL',6,0,50,64,2000),(1219,'UL',6,0,65,74,2000),(1220,'UL',6,0,75,120,2000),(1226,'UL',5,1,18,29,3500),(1227,'UL',5,1,30,49,3500),(1228,'UL',5,1,50,64,3500),(1229,'UL',5,1,65,74,3000),(1230,'UL',5,1,75,120,3000),(1236,'UL',5,0,18,29,3500),(1237,'UL',5,0,30,49,3500),(1238,'UL',5,0,50,64,3500),(1239,'UL',5,0,65,74,3000),(1240,'UL',5,0,75,120,3000),(1241,'UL',9,1,4,6,1800),(1242,'UL',9,1,7,8,2200),(1243,'UL',9,1,9,11,2800),(1244,'UL',9,1,12,14,3200),(1245,'UL',9,1,15,17,3600),(1246,'UL',9,1,18,29,3600),(1247,'UL',9,1,30,49,3600),(1248,'UL',9,1,50,64,3600),(1249,'UL',9,1,65,74,3600),(1250,'UL',9,1,75,120,3600),(1251,'UL',9,0,4,6,1800),(1252,'UL',9,0,7,8,2200),(1253,'UL',9,0,9,11,2800),(1254,'UL',9,0,12,14,3200),(1255,'UL',9,0,15,17,3600),(1256,'UL',9,0,18,29,3600),(1257,'UL',9,0,30,49,3600),(1258,'UL',9,0,50,64,3600),(1259,'UL',9,0,65,74,3600),(1260,'UL',9,0,75,120,3600),(1261,'UL',7,1,4,6,1000),(1262,'UL',7,1,7,8,1200),(1263,'UL',7,1,9,11,1500),(1264,'UL',7,1,12,14,1900),(1265,'UL',7,1,15,17,2100),(1266,'UL',7,1,18,29,2000),(1267,'UL',7,1,30,49,2000),(1268,'UL',7,1,50,64,2000),(1269,'UL',7,1,65,74,1900),(1270,'UL',7,1,75,120,1800),(1271,'UL',7,0,4,6,1000),(1272,'UL',7,0,7,8,1200),(1273,'UL',7,0,9,11,1500),(1274,'UL',7,0,12,14,1900),(1275,'UL',7,0,15,17,2100),(1276,'UL',7,0,18,29,2000),(1277,'UL',7,0,30,49,2000),(1278,'UL',7,0,50,64,2000),(1279,'UL',7,0,65,74,1900),(1280,'UL',7,0,75,120,1800),(1321,'UL',10,1,4,6,30),(1322,'UL',10,1,7,8,35),(1323,'UL',10,1,9,11,35),(1324,'UL',10,1,12,14,40),(1325,'UL',10,1,15,17,40),(1326,'UL',10,1,18,29,42),(1327,'UL',10,1,30,49,42),(1328,'UL',10,1,50,64,42),(1329,'UL',10,1,65,74,42),(1330,'UL',10,1,75,120,42),(1331,'UL',10,0,4,6,30),(1332,'UL',10,0,7,8,35),(1333,'UL',10,0,9,11,35),(1334,'UL',10,0,12,14,40),(1335,'UL',10,0,15,17,40),(1336,'UL',10,0,18,29,42),(1337,'UL',10,0,30,49,42),(1338,'UL',10,0,50,64,42),(1339,'UL',10,0,65,74,42),(1340,'UL',10,0,75,120,42),(1341,'UL',4,1,4,6,200),(1342,'UL',4,1,7,8,250),(1343,'UL',4,1,9,11,250),(1344,'UL',4,1,12,14,300),(1345,'UL',4,1,15,17,500),(1346,'UL',4,1,18,29,600),(1347,'UL',4,1,30,49,600),(1348,'UL',4,1,50,64,600),(1349,'UL',4,1,65,74,600),(1350,'UL',4,1,75,120,600),(1351,'UL',4,0,4,6,200),(1352,'UL',4,0,7,8,250),(1353,'UL',4,0,9,11,250),(1354,'UL',4,0,12,14,300),(1355,'UL',4,0,15,17,500),(1356,'UL',4,0,18,29,600),(1357,'UL',4,0,30,49,600),(1358,'UL',4,0,50,64,600),(1359,'UL',4,0,65,74,600),(1360,'UL',4,0,75,120,600),(1361,'UL',13,1,4,6,13),(1362,'UL',13,1,7,8,21),(1363,'UL',13,1,9,11,24),(1364,'UL',13,1,12,14,32),(1365,'UL',13,1,15,17,37),(1366,'UL',13,1,18,29,40),(1367,'UL',13,1,30,49,40),(1368,'UL',13,1,50,64,40),(1369,'UL',13,1,65,74,40),(1370,'UL',13,1,75,120,40),(1371,'UL',13,0,4,6,13),(1372,'UL',13,0,7,8,21),(1373,'UL',13,0,9,11,24),(1374,'UL',13,0,12,14,32),(1375,'UL',13,0,15,17,37),(1376,'UL',13,0,18,29,40),(1377,'UL',13,0,30,49,40),(1378,'UL',13,0,50,64,40),(1379,'UL',13,0,65,74,40),(1380,'UL',13,0,75,120,40),(1381,'UL',3,1,4,6,120),(1382,'UL',3,1,7,8,150),(1383,'UL',3,1,9,11,200),(1384,'UL',3,1,12,14,300),(1385,'UL',3,1,15,17,350),(1386,'UL',3,1,18,29,400),(1387,'UL',3,1,30,49,400),(1388,'UL',3,1,50,64,400),(1389,'UL',3,1,65,74,400),(1390,'UL',3,1,75,120,400),(1391,'UL',3,0,4,6,120),(1392,'UL',3,0,7,8,150),(1393,'UL',3,0,9,11,200),(1394,'UL',3,0,12,14,300),(1395,'UL',3,0,15,17,350),(1396,'UL',3,0,18,29,400),(1397,'UL',3,0,30,49,400),(1398,'UL',3,0,50,64,400),(1399,'UL',3,0,65,74,400),(1400,'UL',3,0,75,120,400),(1401,'UL',11,1,4,6,3),(1402,'UL',11,1,7,8,3),(1403,'UL',11,1,9,11,5),(1404,'UL',11,1,12,14,6),(1405,'UL',11,1,15,17,7),(1406,'UL',11,1,18,29,8),(1407,'UL',11,1,30,49,8),(1408,'UL',11,1,50,64,8),(1409,'UL',11,1,65,74,8),(1410,'UL',11,1,75,120,8),(1411,'UL',11,0,4,6,3),(1412,'UL',11,0,7,8,3),(1413,'UL',11,0,9,11,5),(1414,'UL',11,0,12,14,6),(1415,'UL',11,0,15,17,7),(1416,'UL',11,0,18,29,8),(1417,'UL',11,0,30,49,8),(1418,'UL',11,0,50,64,8),(1419,'UL',11,0,65,74,8),(1420,'UL',11,0,75,120,8),(1421,'UL',1,1,4,6,1.1),(1422,'UL',1,1,7,8,1.5),(1423,'UL',1,1,9,11,2),(1424,'UL',1,1,12,14,2.4),(1425,'UL',1,1,15,17,3.5),(1426,'UL',1,1,18,29,3.5),(1427,'UL',1,1,30,49,3.5),(1428,'UL',1,1,50,64,3.5),(1429,'UL',1,1,65,74,3.5),(1430,'UL',1,1,75,120,3.5),(1431,'UL',1,0,4,6,1.1),(1432,'UL',1,0,7,8,1.5),(1433,'UL',1,0,9,11,2),(1434,'UL',1,0,12,14,2.4),(1435,'UL',1,0,15,17,3.5),(1436,'UL',1,0,18,29,3.5),(1437,'UL',1,0,30,49,3.5),(1438,'UL',1,0,50,64,3.5),(1439,'UL',1,0,65,74,3.5),(1440,'UL',1,0,75,120,3.5),(1461,'UL',14,1,4,6,3.5),(1462,'UL',14,1,7,8,5),(1463,'UL',14,1,9,11,6.5),(1464,'UL',14,1,12,14,9),(1465,'UL',14,1,15,17,10),(1466,'UL',14,1,18,29,11),(1467,'UL',14,1,30,49,11),(1468,'UL',14,1,50,64,11),(1469,'UL',14,1,65,74,11),(1470,'UL',14,1,75,120,11),(1471,'UL',14,0,4,6,3.5),(1472,'UL',14,0,7,8,5),(1473,'UL',14,0,9,11,6.5),(1474,'UL',14,0,12,14,9),(1475,'UL',14,0,15,17,10),(1476,'UL',14,0,18,29,11),(1477,'UL',14,0,30,49,11),(1478,'UL',14,0,50,64,11),(1479,'UL',14,0,65,74,11),(1480,'UL',14,0,75,120,11),(1481,'UL',8,1,4,6,300),(1482,'UL',8,1,7,8,400),(1483,'UL',8,1,9,11,500),(1484,'UL',8,1,12,14,700),(1485,'UL',8,1,15,17,800),(1486,'UL',8,1,18,29,900),(1487,'UL',8,1,30,49,900),(1488,'UL',8,1,50,64,900),(1489,'UL',8,1,65,74,900),(1490,'UL',8,1,75,120,900),(1491,'UL',8,0,4,6,300),(1492,'UL',8,0,7,8,400),(1493,'UL',8,0,9,11,500),(1494,'UL',8,0,12,14,700),(1495,'UL',8,0,15,17,800),(1496,'UL',8,0,18,29,900),(1497,'UL',8,0,30,49,900),(1498,'UL',8,0,50,64,900),(1499,'UL',8,0,65,74,900),(1500,'UL',8,0,75,120,900),(1501,'UL',24,1,4,6,1000),(1502,'UL',24,1,7,8,1300),(1503,'UL',24,1,9,11,1800),(1504,'UL',24,1,12,14,2400),(1505,'UL',24,1,15,17,2800),(1506,'UL',24,1,18,29,3000),(1507,'UL',24,1,30,49,3000),(1508,'UL',24,1,50,64,3000),(1509,'UL',24,1,65,74,3000),(1510,'UL',24,1,75,120,3000),(1511,'UL',24,0,4,6,1000),(1512,'UL',24,0,7,8,1300),(1513,'UL',24,0,9,11,1800),(1514,'UL',24,0,12,14,2400),(1515,'UL',24,0,15,17,2800),(1516,'UL',24,0,18,29,3000),(1517,'UL',24,0,30,49,3000),(1518,'UL',24,0,50,64,3000),(1519,'UL',24,0,65,74,3000),(1520,'UL',24,0,75,120,3000),(1521,'UL',25,1,4,6,30),(1522,'UL',25,1,7,8,45),(1523,'UL',25,1,9,11,45),(1524,'UL',25,1,12,14,50),(1525,'UL',25,1,15,17,50),(1526,'UL',25,1,18,29,50),(1527,'UL',25,1,30,49,50),(1528,'UL',25,1,50,64,50),(1529,'UL',25,1,65,74,50),(1530,'UL',25,1,75,120,50),(1531,'UL',25,0,4,6,30),(1532,'UL',25,0,7,8,45),(1533,'UL',25,0,9,11,45),(1534,'UL',25,0,12,14,50),(1535,'UL',25,0,15,17,50),(1536,'UL',25,0,18,29,50),(1537,'UL',25,0,30,49,50),(1538,'UL',25,0,50,64,50),(1539,'UL',25,0,65,74,50),(1540,'UL',25,0,75,120,50),(1541,'UL',26,1,4,6,200),(1542,'UL',26,1,7,8,300),(1543,'UL',26,1,9,11,400),(1544,'UL',26,1,12,14,500),(1545,'UL',26,1,15,17,600),(1546,'UL',26,1,18,29,700),(1547,'UL',26,1,30,49,700),(1548,'UL',26,1,50,64,700),(1549,'UL',26,1,65,74,700),(1550,'UL',26,1,75,120,700),(1551,'UL',26,0,4,6,200),(1552,'UL',26,0,7,8,300),(1553,'UL',26,0,9,11,400),(1554,'UL',26,0,12,14,500),(1555,'UL',26,0,15,17,600),(1556,'UL',26,0,18,29,700),(1557,'UL',26,0,30,49,700),(1558,'UL',26,0,50,64,700),(1559,'UL',26,0,65,74,700),(1560,'UL',26,0,75,120,700),(1621,'UL',43,1,4,6,15),(1622,'UL',43,1,7,8,19),(1623,'UL',43,1,9,11,23),(1624,'UL',43,1,12,14,30),(1625,'UL',43,1,15,17,33),(1626,'UL',43,1,18,29,35),(1627,'UL',43,1,30,49,35),(1628,'UL',43,1,50,64,35),(1629,'UL',43,1,65,74,35),(1630,'UL',43,1,75,120,35),(1631,'UL',43,0,4,6,15),(1632,'UL',43,0,7,8,19),(1633,'UL',43,0,9,11,23),(1634,'UL',43,0,12,14,30),(1635,'UL',43,0,15,17,33),(1636,'UL',43,0,18,29,35),(1637,'UL',43,0,30,49,35),(1638,'UL',43,0,50,64,35),(1639,'UL',43,0,65,74,35),(1640,'UL',43,0,75,120,35),(1641,'UL',45,1,4,6,130),(1642,'UL',45,1,7,8,160),(1643,'UL',45,1,9,11,200),(1644,'UL',45,1,12,14,260),(1645,'UL',45,1,15,17,290),(1646,'UL',45,1,18,29,310),(1647,'UL',45,1,30,49,310),(1648,'UL',45,1,50,64,310),(1649,'UL',45,1,65,74,300),(1650,'UL',45,1,75,120,290),(1651,'UL',45,0,4,6,130),(1652,'UL',45,0,7,8,160),(1653,'UL',45,0,9,11,200),(1654,'UL',45,0,12,14,260),(1655,'UL',45,0,15,17,290),(1656,'UL',45,0,18,29,310),(1657,'UL',45,0,30,49,310),(1658,'UL',45,0,50,64,310),(1659,'UL',45,0,65,74,300),(1660,'UL',45,0,75,120,290),(1661,'UL',40,1,4,6,25),(1662,'UL',40,1,7,8,32),(1663,'UL',40,1,9,11,40),(1664,'UL',40,1,12,14,50),(1665,'UL',40,1,15,17,55),(1666,'UL',40,1,18,29,60),(1667,'UL',40,1,30,49,60),(1668,'UL',40,1,50,64,55),(1669,'UL',40,1,65,74,55),(1670,'UL',40,1,75,120,55),(1671,'UL',40,0,4,6,25),(1672,'UL',40,0,7,8,32),(1673,'UL',40,0,9,11,40),(1674,'UL',40,0,12,14,50),(1675,'UL',40,0,15,17,55),(1676,'UL',40,0,18,29,60),(1677,'UL',40,0,30,49,60),(1678,'UL',40,0,50,64,55),(1679,'UL',40,0,65,74,55),(1680,'UL',40,0,75,120,55),(1681,'UL',16,1,4,6,400),(1682,'UL',16,1,7,8,500),(1683,'UL',16,1,9,11,650),(1684,'UL',16,1,12,14,800),(1685,'UL',16,1,15,17,900),(1686,'UL',16,1,18,29,1000),(1687,'UL',16,1,30,49,1000),(1688,'UL',16,1,50,64,1000),(1689,'UL',16,1,65,74,1000),(1690,'UL',16,1,75,120,1000),(1691,'UL',16,0,4,6,400),(1692,'UL',16,0,7,8,500),(1693,'UL',16,0,9,11,650),(1694,'UL',16,0,12,14,800),(1695,'UL',16,0,15,17,900),(1696,'UL',16,0,18,29,1000),(1697,'UL',16,0,30,49,1000),(1698,'UL',16,0,50,64,1000),(1699,'UL',16,0,65,74,1000),(1700,'UL',16,0,75,120,1000),(1761,'UL',19,1,4,6,1000),(1762,'UL',19,1,7,8,2000),(1763,'UL',19,1,9,11,2000),(1764,'UL',19,1,12,14,2000),(1765,'UL',19,1,15,17,2500),(1766,'UL',19,1,18,29,3000),(1767,'UL',19,1,30,49,3000),(1768,'UL',19,1,50,64,3000),(1769,'UL',19,1,65,74,3000),(1770,'UL',19,1,75,120,3000),(1771,'UL',19,0,4,6,1000),(1772,'UL',19,0,7,8,2000),(1773,'UL',19,0,9,11,2000),(1774,'UL',19,0,12,14,2000),(1775,'UL',19,0,15,17,2500),(1776,'UL',19,0,18,29,3000),(1777,'UL',19,0,30,49,3000),(1778,'UL',19,0,50,64,3000),(1779,'UL',19,0,65,74,3000),(1780,'UL',19,0,75,120,3000),(1781,'UL',42,1,4,6,600),(1782,'UL',42,1,7,8,800),(1783,'UL',42,1,9,11,1100),(1784,'UL',42,1,12,14,1600),(1785,'UL',42,1,15,17,1800),(1786,'UL',42,1,18,29,2000),(1787,'UL',42,1,30,49,2000),(1788,'UL',42,1,50,64,2000),(1789,'UL',42,1,65,74,2000),(1790,'UL',42,1,75,120,2000),(1791,'UL',42,0,4,6,600),(1792,'UL',42,0,7,8,800),(1793,'UL',42,0,9,11,1100),(1794,'UL',42,0,12,14,1600),(1795,'UL',42,0,15,17,1800),(1796,'UL',42,0,18,29,2000),(1797,'UL',42,0,30,49,2000),(1798,'UL',42,0,50,64,2000),(1799,'UL',42,0,65,74,2000),(1800,'UL',42,0,75,120,2000),(1801,'SD^h',28,1,4,6,353),(1802,'SD^h',28,1,7,10,403),(1803,'SD^h',28,1,11,13,470),(1804,'SD^h',28,1,14,17,515),(1805,'SD^h',28,1,18,49,537),(1806,'SD^h',28,1,50,64,481),(1807,'SD^h',28,1,65,79,430),(1808,'SD^h',28,1,80,120,399),(1809,'SD^h',28,0,4,6,347),(1810,'SD^h',28,0,7,10,358),(1811,'SD^h',28,0,11,13,411),(1812,'SD^h',28,0,14,17,465),(1813,'SD^h',28,0,18,49,450),(1814,'SD^h',28,0,50,64,413),(1815,'SD^h',28,0,65,79,380),(1816,'SD^h',28,0,80,120,334),(1817,'SD^h',23,1,4,6,14),(1818,'SD^h',23,1,7,10,17),(1819,'SD^h',23,1,11,13,26),(1820,'SD^h',23,1,14,17,23),(1821,'SD^h',23,1,18,49,24),(1822,'SD^h',23,1,50,64,21),(1823,'SD^h',23,1,65,79,20),(1824,'SD^h',23,1,80,120,18),(1825,'SD^h',23,0,4,6,14),(1826,'SD^h',23,0,7,10,15),(1827,'SD^h',23,0,11,13,18),(1828,'SD^h',23,0,14,17,19),(1829,'SD^h',23,0,18,49,20),(1830,'SD^h',23,0,50,64,19),(1831,'SD^h',23,0,65,79,18),(1832,'SD^h',23,0,80,120,16),(1833,'SD^h',20,1,4,6,19),(1834,'SD^h',20,1,7,10,22),(1835,'SD^h',20,1,11,13,26),(1836,'SD^h',20,1,14,17,29),(1837,'SD^h',20,1,18,49,30),(1838,'SD^h',20,1,50,64,28),(1839,'SD^h',20,1,65,79,24),(1840,'SD^h',20,1,80,120,23),(1841,'SD^h',20,0,4,6,19),(1842,'SD^h',20,0,7,10,20),(1843,'SD^h',20,0,11,13,23),(1844,'SD^h',20,0,14,17,26),(1845,'SD^h',20,0,18,49,27),(1846,'SD^h',20,0,50,64,23),(1847,'SD^h',20,0,65,79,21),(1848,'SD^h',20,0,80,120,19),(1849,'SD^h',33,1,4,6,58),(1850,'SD^h',33,1,7,10,66),(1851,'SD^h',33,1,11,13,80),(1852,'SD^h',33,1,14,17,85),(1853,'SD^h',33,1,18,49,86),(1854,'SD^h',33,1,50,64,79),(1855,'SD^h',33,1,65,79,72),(1856,'SD^h',33,1,80,120,65),(1857,'SD^h',33,0,4,6,56),(1858,'SD^h',33,0,7,10,58),(1859,'SD^h',33,0,11,13,68),(1860,'SD^h',33,0,14,17,77),(1861,'SD^h',33,0,18,49,74),(1862,'SD^h',33,0,50,64,70),(1863,'SD^h',33,0,65,79,65),(1864,'SD^h',33,0,80,120,56),(1865,'SD^h',32,1,4,6,5),(1866,'SD^h',32,1,7,10,7),(1867,'SD^h',32,1,11,13,5),(1868,'SD^h',32,1,14,17,7),(1869,'SD^h',32,1,18,49,8),(1870,'SD^h',32,1,50,64,7),(1871,'SD^h',32,1,65,79,7),(1872,'SD^h',32,1,80,120,6),(1873,'SD^h',32,0,4,6,4),(1874,'SD^h',32,0,7,10,5),(1875,'SD^h',32,0,11,13,8),(1876,'SD^h',32,0,14,17,5),(1877,'SD^h',32,0,18,49,7),(1878,'SD^h',32,0,50,64,7),(1879,'SD^h',32,0,65,79,6),(1880,'SD^h',32,0,80,120,5),(1881,'SD^h',24,1,4,6,379),(1882,'SD^h',24,1,7,10,639),(1883,'SD^h',24,1,11,13,689),(1884,'SD^h',24,1,14,17,965),(1885,'SD^h',24,1,18,49,865),(1886,'SD^h',24,1,50,64,766),(1887,'SD^h',24,1,65,79,633),(1888,'SD^h',24,1,80,120,586),(1889,'SD^h',24,0,4,6,425),(1890,'SD^h',24,0,7,10,341),(1891,'SD^h',24,0,11,13,497),(1892,'SD^h',24,0,14,17,813),(1893,'SD^h',24,0,18,49,737),(1894,'SD^h',24,0,50,64,723),(1895,'SD^h',24,0,65,79,535),(1896,'SD^h',24,0,80,120,404),(1897,'SD^h',26,1,4,6,5),(1898,'SD^h',26,1,7,10,6),(1899,'SD^h',26,1,11,13,7),(1900,'SD^h',26,1,14,17,9),(1901,'SD^h',26,1,18,49,8),(1902,'SD^h',26,1,50,64,8),(1903,'SD^h',26,1,65,79,7),(1904,'SD^h',26,1,80,120,7),(1905,'SD^h',26,0,4,6,5),(1906,'SD^h',26,0,7,10,6),(1907,'SD^h',26,0,11,13,7),(1908,'SD^h',26,0,14,17,8),(1909,'SD^h',26,0,18,49,9),(1910,'SD^h',26,0,50,64,8),(1911,'SD^h',26,0,65,79,7),(1912,'SD^h',26,0,80,120,5),(1913,'SD^h',38,1,4,6,0.2),(1914,'SD^h',38,1,7,10,0.3),(1915,'SD^h',38,1,11,13,0.4),(1916,'SD^h',38,1,14,17,0.4),(1917,'SD^h',38,1,18,49,0.5),(1918,'SD^h',38,1,50,64,0.4),(1919,'SD^h',38,1,65,79,0.3),(1920,'SD^h',38,1,80,120,0.3),(1921,'SD^h',38,0,4,6,0.2),(1922,'SD^h',38,0,7,10,0.3),(1923,'SD^h',38,0,11,13,0.3),(1924,'SD^h',38,0,14,17,0.3),(1925,'SD^h',38,0,18,49,0.4),(1926,'SD^h',38,0,50,64,0.3),(1927,'SD^h',38,0,65,79,0.3),(1928,'SD^h',38,0,80,120,0.3),(1929,'SD^h',39,1,4,6,0.3),(1930,'SD^h',39,1,7,10,0.2),(1931,'SD^h',39,1,11,13,0.3),(1932,'SD^h',39,1,14,17,0.4),(1933,'SD^h',39,1,18,49,0.4),(1934,'SD^h',39,1,50,64,0.3),(1935,'SD^h',39,1,65,79,0.3),(1936,'SD^h',39,1,80,120,0.3),(1937,'SD^h',39,0,4,6,0.3),(1938,'SD^h',39,0,7,10,0.2),(1939,'SD^h',39,0,11,13,0.3),(1940,'SD^h',39,0,14,17,0.3),(1941,'SD^h',39,0,18,49,0.3),(1942,'SD^h',39,0,50,64,0.3),(1943,'SD^h',39,0,65,79,0.3),(1944,'SD^h',39,0,80,120,0.2),(1945,'SD^h',40,1,4,6,0.1),(1946,'SD^h',40,1,7,10,0.1),(1947,'SD^h',40,1,11,13,0.2),(1948,'SD^h',40,1,14,17,0.1),(1949,'SD^h',40,1,18,49,0.1),(1950,'SD^h',40,1,50,64,0.2),(1951,'SD^h',40,1,65,79,0.2),(1952,'SD^h',40,1,80,120,0.1),(1953,'SD^h',40,0,4,6,0.1),(1954,'SD^h',40,0,7,10,0.1),(1955,'SD^h',40,0,11,13,0.1),(1956,'SD^h',40,0,14,17,0.1),(1957,'SD^h',40,0,18,49,0.1),(1958,'SD^h',40,0,50,64,0.1),(1959,'SD^h',40,0,65,79,0.2),(1960,'SD^h',40,0,80,120,0.1),(1961,'SD^h',41,1,4,6,0.3),(1962,'SD^h',41,1,7,10,0.4),(1963,'SD^h',41,1,11,13,0.9),(1964,'SD^h',41,1,14,17,0.9),(1965,'SD^h',41,1,18,49,0.7),(1966,'SD^h',41,1,50,64,0.8),(1967,'SD^h',41,1,65,79,0.8),(1968,'SD^h',41,1,80,120,1.5),(1969,'SD^h',41,0,4,6,0.3),(1970,'SD^h',41,0,7,10,0.6),(1971,'SD^h',41,0,11,13,0.5),(1972,'SD^h',41,0,14,17,0.5),(1973,'SD^h',41,0,18,49,0.7),(1974,'SD^h',41,0,50,64,0.7),(1975,'SD^h',41,0,65,79,0.8),(1976,'SD^h',41,0,80,120,0.9),(1977,'SD^h',16,1,4,6,20),(1978,'SD^h',16,1,7,10,18),(1979,'SD^h',16,1,11,13,18),(1980,'SD^h',16,1,14,17,26),(1981,'SD^h',16,1,18,49,24),(1982,'SD^h',16,1,50,64,33),(1983,'SD^h',16,1,65,79,36),(1984,'SD^h',16,1,80,120,31),(1985,'SD^h',16,0,4,6,15),(1986,'SD^h',16,0,7,10,15),(1987,'SD^h',16,0,11,13,24),(1988,'SD^h',16,0,14,17,24),(1989,'SD^h',16,0,18,49,26),(1990,'SD^h',16,0,50,64,29),(1991,'SD^h',16,0,65,79,27),(1992,'SD^h',16,0,80,120,26),(1993,'SD^h',42,1,4,6,36),(1994,'SD^h',42,1,7,10,43),(1995,'SD^h',42,1,11,13,106),(1996,'SD^h',42,1,14,17,86),(1997,'SD^h',42,1,18,49,62),(1998,'SD^h',42,1,50,64,57),(1999,'SD^h',42,1,65,79,50),(2000,'SD^h',42,1,80,120,48),(2001,'SD^h',42,0,4,6,31),(2002,'SD^h',42,0,7,10,48),(2003,'SD^h',42,0,11,13,59),(2004,'SD^h',42,0,14,17,186),(2005,'SD^h',42,0,18,49,91),(2006,'SD^h',42,0,50,64,62),(2007,'SD^h',42,0,65,79,44),(2008,'SD^h',42,0,80,120,49),(2009,'SD^h',43,1,4,6,4),(2010,'SD^h',43,1,7,10,5),(2011,'SD^h',43,1,11,13,6),(2012,'SD^h',43,1,14,17,7),(2013,'SD^h',43,1,18,49,7),(2014,'SD^h',43,1,50,64,7),(2015,'SD^h',43,1,65,79,6),(2016,'SD^h',43,1,80,120,5),(2017,'SD^h',43,0,4,6,4),(2018,'SD^h',43,0,7,10,5),(2019,'SD^h',43,0,11,13,6),(2020,'SD^h',43,0,14,17,7),(2021,'SD^h',43,0,18,49,6),(2022,'SD^h',43,0,50,64,6),(2023,'SD^h',43,0,65,79,5),(2024,'SD^h',43,0,80,120,4),(2025,'SD^h',6,1,4,6,150),(2026,'SD^h',6,1,7,10,132),(2027,'SD^h',6,1,11,13,160),(2028,'SD^h',6,1,14,17,168),(2029,'SD^h',6,1,18,49,183),(2030,'SD^h',6,1,50,64,188),(2031,'SD^h',6,1,65,79,185),(2032,'SD^h',6,1,80,120,173),(2033,'SD^h',6,0,4,6,136),(2034,'SD^h',6,0,7,10,156),(2035,'SD^h',6,0,11,13,139),(2036,'SD^h',6,0,14,17,166),(2037,'SD^h',6,0,18,49,194),(2038,'SD^h',6,0,50,64,179),(2039,'SD^h',6,0,65,79,176),(2040,'SD^h',6,0,80,120,146),(2041,'SD^h',10,1,4,6,5),(2042,'SD^h',10,1,7,10,6),(2043,'SD^h',10,1,11,13,6),(2044,'SD^h',10,1,14,17,12),(2045,'SD^h',10,1,18,49,10),(2046,'SD^h',10,1,50,64,11),(2047,'SD^h',10,1,65,79,10),(2048,'SD^h',10,1,80,120,10),(2049,'SD^h',10,0,4,6,5),(2050,'SD^h',10,0,7,10,6),(2051,'SD^h',10,0,11,13,8),(2052,'SD^h',10,0,14,17,8),(2053,'SD^h',10,0,18,49,10),(2054,'SD^h',10,0,50,64,10),(2055,'SD^h',10,0,65,79,8),(2056,'SD^h',10,0,80,120,7),(2057,'SD^h',13,1,4,6,2),(2058,'SD^h',13,1,7,10,3),(2059,'SD^h',13,1,11,13,3),(2060,'SD^h',13,1,14,17,4),(2061,'SD^h',13,1,18,49,4),(2062,'SD^h',13,1,50,64,4),(2063,'SD^h',13,1,65,79,3),(2064,'SD^h',13,1,80,120,3),(2065,'SD^h',13,0,4,6,2),(2066,'SD^h',13,0,7,10,2),(2067,'SD^h',13,0,11,13,3),(2068,'SD^h',13,0,14,17,3),(2069,'SD^h',13,0,18,49,4),(2070,'SD^h',13,0,50,64,4),(2071,'SD^h',13,0,65,79,3),(2072,'SD^h',13,0,80,120,2),(2073,'SD^h',5,1,4,6,197),(2074,'SD^h',5,1,7,10,213),(2075,'SD^h',5,1,11,13,262),(2076,'SD^h',5,1,14,17,283),(2077,'SD^h',5,1,18,49,301),(2078,'SD^h',5,1,50,64,284),(2079,'SD^h',5,1,65,79,270),(2080,'SD^h',5,1,80,120,233),(2081,'SD^h',5,0,4,6,179),(2082,'SD^h',5,0,7,10,206),(2083,'SD^h',5,0,11,13,242),(2084,'SD^h',5,0,14,17,250),(2085,'SD^h',5,0,18,49,268),(2086,'SD^h',5,0,50,64,249),(2087,'SD^h',5,0,65,79,246),(2088,'SD^h',5,0,80,120,198),(2089,'SD^h',9,1,4,6,399),(2090,'SD^h',9,1,7,10,454),(2091,'SD^h',9,1,11,13,585),(2092,'SD^h',9,1,14,17,561),(2093,'SD^h',9,1,18,49,607),(2094,'SD^h',9,1,50,64,575),(2095,'SD^h',9,1,65,79,604),(2096,'SD^h',9,1,80,120,558),(2097,'SD^h',9,0,4,6,349),(2098,'SD^h',9,0,7,10,431),(2099,'SD^h',9,0,11,13,489),(2100,'SD^h',9,0,14,17,502),(2101,'SD^h',9,0,18,49,542),(2102,'SD^h',9,0,50,64,539),(2103,'SD^h',9,0,65,79,500),(2104,'SD^h',9,0,80,120,411),(2105,'SD^h',7,1,4,6,481),(2106,'SD^h',7,1,7,10,575),(2107,'SD^h',7,1,11,13,717),(2108,'SD^h',7,1,14,17,696),(2109,'SD^h',7,1,18,49,777),(2110,'SD^h',7,1,50,64,830),(2111,'SD^h',7,1,65,79,694),(2112,'SD^h',7,1,80,120,568),(2113,'SD^h',7,0,4,6,503),(2114,'SD^h',7,0,7,10,589),(2115,'SD^h',7,0,11,13,597),(2116,'SD^h',7,0,14,17,665),(2117,'SD^h',7,0,18,49,726),(2118,'SD^h',7,0,50,64,754),(2119,'SD^h',7,0,65,79,656),(2120,'SD^h',7,0,80,120,569),(2121,'SD^h',15,1,4,6,58),(2122,'SD^h',15,1,7,10,68),(2123,'SD^h',15,1,11,13,81),(2124,'SD^h',15,1,14,17,87),(2125,'SD^h',15,1,18,49,94),(2126,'SD^h',15,1,50,64,93),(2127,'SD^h',15,1,65,79,91),(2128,'SD^h',15,1,80,120,79),(2129,'SD^h',15,0,4,6,52),(2130,'SD^h',15,0,7,10,60),(2131,'SD^h',15,0,11,13,82),(2132,'SD^h',15,0,14,17,77),(2133,'SD^h',15,0,18,49,85),(2134,'SD^h',15,0,50,64,84),(2135,'SD^h',15,0,65,79,83),(2136,'SD^h',15,0,80,120,68),(2137,'SD^h',3,1,4,6,15),(2138,'SD^h',3,1,7,10,19),(2139,'SD^h',3,1,11,13,48),(2140,'SD^h',3,1,14,17,24),(2141,'SD^h',3,1,18,49,29),(2142,'SD^h',3,1,50,64,26),(2143,'SD^h',3,1,65,79,21),(2144,'SD^h',3,1,80,120,19),(2145,'SD^h',3,0,4,6,17),(2146,'SD^h',3,0,7,10,17),(2147,'SD^h',3,0,11,13,19),(2148,'SD^h',3,0,14,17,19),(2149,'SD^h',3,0,18,49,25),(2150,'SD^h',3,0,50,64,22),(2151,'SD^h',3,0,65,79,21),(2152,'SD^h',3,0,80,120,18),(2153,'SD^h',11,1,4,6,1),(2154,'SD^h',11,1,7,10,1.1),(2155,'SD^h',11,1,11,13,1.3),(2156,'SD^h',11,1,14,17,1.4),(2157,'SD^h',11,1,18,49,1.3),(2158,'SD^h',11,1,50,64,1.1),(2159,'SD^h',11,1,65,79,1),(2160,'SD^h',11,1,80,120,1),(2161,'SD^h',11,0,4,6,1),(2162,'SD^h',11,0,7,10,0.9),(2163,'SD^h',11,0,11,13,1.1),(2164,'SD^h',11,0,14,17,1.1),(2165,'SD^h',11,0,18,49,1.2),(2166,'SD^h',11,0,50,64,1.2),(2167,'SD^h',11,0,65,79,0.9),(2168,'SD^h',11,0,80,120,1),(2169,'SD^h',14,1,4,6,1.2),(2170,'SD^h',14,1,7,10,2),(2171,'SD^h',14,1,11,13,1.9),(2172,'SD^h',14,1,14,17,2.1),(2173,'SD^h',14,1,18,49,2.3),(2174,'SD^h',14,1,50,64,2.1),(2175,'SD^h',14,1,65,79,1.9),(2176,'SD^h',14,1,80,120,1.9),(2177,'SD^h',14,0,4,6,1.1),(2178,'SD^h',14,0,7,10,1.4),(2179,'SD^h',14,0,11,13,2.1),(2180,'SD^h',14,0,14,17,1.7),(2181,'SD^h',14,0,18,49,2),(2182,'SD^h',14,0,50,64,1.9),(2183,'SD^h',14,0,65,79,1.8),(2184,'SD^h',14,0,80,120,1.5),(2185,'SD^h',4,1,4,6,51),(2186,'SD^h',4,1,7,10,54),(2187,'SD^h',4,1,11,13,66),(2188,'SD^h',4,1,14,17,66),(2189,'SD^h',4,1,18,49,79),(2190,'SD^h',4,1,50,64,69),(2191,'SD^h',4,1,65,79,62),(2192,'SD^h',4,1,80,120,61),(2193,'SD^h',4,0,4,6,46),(2194,'SD^h',4,0,7,10,49),(2195,'SD^h',4,0,11,13,56),(2196,'SD^h',4,0,14,17,66),(2197,'SD^h',4,0,18,49,62),(2198,'SD^h',4,0,50,64,59),(2199,'SD^h',4,0,65,79,55),(2200,'SD^h',4,0,80,120,46),(2201,'CV',28,1,4,6,31),(2202,'CV',28,1,7,10,29),(2203,'CV',28,1,11,13,29),(2204,'CV',28,1,14,17,28),(2205,'CV',28,1,18,49,28),(2206,'CV',28,1,50,64,26),(2207,'CV',28,1,65,79,27),(2208,'CV',28,1,80,120,28),(2209,'CV',28,0,4,6,33),(2210,'CV',28,0,7,10,28),(2211,'CV',28,0,11,13,28),(2212,'CV',28,0,14,17,30),(2213,'CV',28,0,18,49,28),(2214,'CV',28,0,50,64,27),(2215,'CV',28,0,65,79,28),(2216,'CV',28,0,80,120,29),(2217,'CV',23,1,4,6,36),(2218,'CV',23,1,7,10,35),(2219,'CV',23,1,11,13,46),(2220,'CV',23,1,14,17,35),(2221,'CV',23,1,18,49,35),(2222,'CV',23,1,50,64,33),(2223,'CV',23,1,65,79,35),(2224,'CV',23,1,80,120,34),(2225,'CV',23,0,4,6,36),(2226,'CV',23,0,7,10,34),(2227,'CV',23,0,11,13,35),(2228,'CV',23,0,14,17,34),(2229,'CV',23,0,18,49,35),(2230,'CV',23,0,50,64,34),(2231,'CV',23,0,65,79,36),(2232,'CV',23,0,80,120,36),(2233,'CV',20,1,4,6,68),(2234,'CV',20,1,7,10,68),(2235,'CV',20,1,11,13,68),(2236,'CV',20,1,14,17,70),(2237,'CV',20,1,18,49,72),(2238,'CV',20,1,50,64,73),(2239,'CV',20,1,65,79,73),(2240,'CV',20,1,80,120,74),(2241,'CV',20,0,4,6,72),(2242,'CV',20,0,7,10,68),(2243,'CV',20,0,11,13,69),(2244,'CV',20,0,14,17,71),(2245,'CV',20,0,18,49,76),(2246,'CV',20,0,50,64,73),(2247,'CV',20,0,65,79,73),(2248,'CV',20,0,80,120,74),(2249,'CV',33,1,4,6,31),(2250,'CV',33,1,7,10,29),(2251,'CV',33,1,11,13,30),(2252,'CV',33,1,14,17,28),(2253,'CV',33,1,18,49,27),(2254,'CV',33,1,50,64,26),(2255,'CV',33,1,65,79,27),(2256,'CV',33,1,80,120,28),(2257,'CV',33,0,4,6,32),(2258,'CV',33,0,7,10,28),(2259,'CV',33,0,11,13,28),(2260,'CV',33,0,14,17,30),(2261,'CV',33,0,18,49,27),(2262,'CV',33,0,50,64,28),(2263,'CV',33,0,65,79,28),(2264,'CV',33,0,80,120,29),(2265,'CV',32,1,4,6,79),(2266,'CV',32,1,7,10,94),(2267,'CV',32,1,11,13,61),(2268,'CV',32,1,14,17,65),(2269,'CV',32,1,18,49,70),(2270,'CV',32,1,50,64,69),(2271,'CV',32,1,65,79,65),(2272,'CV',32,1,80,120,72),(2273,'CV',32,0,4,6,70),(2274,'CV',32,0,7,10,71),(2275,'CV',32,0,11,13,90),(2276,'CV',32,0,14,17,58),(2277,'CV',32,0,18,49,72),(2278,'CV',32,0,50,64,66),(2279,'CV',32,0,65,79,68),(2280,'CV',32,0,80,120,65),(2281,'CV',24,1,4,6,136),(2282,'CV',24,1,7,10,203),(2283,'CV',24,1,11,13,192),(2284,'CV',24,1,14,17,226),(2285,'CV',24,1,18,49,199),(2286,'CV',24,1,50,64,178),(2287,'CV',24,1,65,79,152),(2288,'CV',24,1,80,120,137),(2289,'CV',24,0,4,6,155),(2290,'CV',24,0,7,10,117),(2291,'CV',24,0,11,13,149),(2292,'CV',24,0,14,17,202),(2293,'CV',24,0,18,49,182),(2294,'CV',24,0,50,64,177),(2295,'CV',24,0,65,79,142),(2296,'CV',24,0,80,120,124),(2297,'CV',26,1,4,6,85),(2298,'CV',26,1,7,10,81),(2299,'CV',26,1,11,13,79),(2300,'CV',26,1,14,17,86),(2301,'CV',26,1,18,49,80),(2302,'CV',26,1,50,64,76),(2303,'CV',26,1,65,79,74),(2304,'CV',26,1,80,120,76),(2305,'CV',26,0,4,6,80),(2306,'CV',26,0,7,10,85),(2307,'CV',26,0,11,13,83),(2308,'CV',26,0,14,17,81),(2309,'CV',26,0,18,49,89),(2310,'CV',26,0,50,64,78),(2311,'CV',26,0,65,79,77),(2312,'CV',26,0,80,120,68),(2313,'CV',38,1,4,6,43),(2314,'CV',38,1,7,10,44),(2315,'CV',38,1,11,13,43),(2316,'CV',38,1,14,17,44),(2317,'CV',38,1,18,49,46),(2318,'CV',38,1,50,64,44),(2319,'CV',38,1,65,79,43),(2320,'CV',38,1,80,120,41),(2321,'CV',38,0,4,6,44),(2322,'CV',38,0,7,10,42),(2323,'CV',38,0,11,13,43),(2324,'CV',38,0,14,17,43),(2325,'CV',38,0,18,49,43),(2326,'CV',38,0,50,64,42),(2327,'CV',38,0,65,79,44),(2328,'CV',38,0,80,120,45),(2329,'CV',39,1,4,6,50),(2330,'CV',39,1,7,10,47),(2331,'CV',39,1,11,13,42),(2332,'CV',39,1,14,17,47),(2333,'CV',39,1,18,49,46),(2334,'CV',39,1,50,64,45),(2335,'CV',39,1,65,79,48),(2336,'CV',39,1,80,120,42),(2337,'CV',39,0,4,6,50),(2338,'CV',39,0,7,10,42),(2339,'CV',39,0,11,13,44),(2340,'CV',39,0,14,17,50),(2341,'CV',39,0,18,49,48),(2342,'CV',39,0,50,64,51),(2343,'CV',39,0,65,79,47),(2344,'CV',39,0,80,120,44),(2345,'CV',40,1,4,6,426),(2346,'CV',40,1,7,10,439),(2347,'CV',40,1,11,13,705),(2348,'CV',40,1,14,17,327),(2349,'CV',40,1,18,49,477),(2350,'CV',40,1,50,64,713),(2351,'CV',40,1,65,79,775),(2352,'CV',40,1,80,120,350),(2353,'CV',40,0,4,6,735),(2354,'CV',40,0,7,10,354),(2355,'CV',40,0,11,13,339),(2356,'CV',40,0,14,17,282),(2357,'CV',40,0,18,49,676),(2358,'CV',40,0,50,64,589),(2359,'CV',40,0,65,79,727),(2360,'CV',40,0,80,120,469),(2361,'CV',41,1,4,6,858),(2362,'CV',41,1,7,10,793),(2363,'CV',41,1,11,13,995),(2364,'CV',41,1,14,17,1012),(2365,'CV',41,1,18,49,907),(2366,'CV',41,1,50,64,895),(2367,'CV',41,1,65,79,931),(2368,'CV',41,1,80,120,841),(2369,'CV',41,0,4,6,619),(2370,'CV',41,0,7,10,1307),(2371,'CV',41,0,11,13,1748),(2372,'CV',41,0,14,17,923),(2373,'CV',41,0,18,49,988),(2374,'CV',41,0,50,64,882),(2375,'CV',41,0,65,79,791),(2376,'CV',41,0,80,120,554),(2377,'CV',16,1,4,6,412),(2378,'CV',16,1,7,10,341),(2379,'CV',16,1,11,13,307),(2380,'CV',16,1,14,17,352),(2381,'CV',16,1,18,49,435),(2382,'CV',16,1,50,64,503),(2383,'CV',16,1,65,79,554),(2384,'CV',16,1,80,120,393),(2385,'CV',16,0,4,6,366),(2386,'CV',16,0,7,10,325),(2387,'CV',16,0,11,13,400),(2388,'CV',16,0,14,17,370),(2389,'CV',16,0,18,49,562),(2390,'CV',16,0,50,64,462),(2391,'CV',16,0,65,79,458),(2392,'CV',16,0,80,120,319),(2393,'CV',42,1,4,6,86),(2394,'CV',42,1,7,10,81),(2395,'CV',42,1,11,13,154),(2396,'CV',42,1,14,17,112),(2397,'CV',42,1,18,49,80),(2398,'CV',42,1,50,64,73),(2399,'CV',42,1,65,79,67),(2400,'CV',42,1,80,120,73),(2401,'CV',42,0,4,6,76),(2402,'CV',42,0,7,10,91),(2403,'CV',42,0,11,13,94),(2404,'CV',42,0,14,17,248),(2405,'CV',42,0,18,49,118),(2406,'CV',42,0,50,64,82),(2407,'CV',42,0,65,79,65),(2408,'CV',42,0,80,120,89),(2409,'CV',43,1,4,6,47),(2410,'CV',43,1,7,10,46),(2411,'CV',43,1,11,13,48),(2412,'CV',43,1,14,17,47),(2413,'CV',43,1,18,49,47),(2414,'CV',43,1,50,64,46),(2415,'CV',43,1,65,79,48),(2416,'CV',43,1,80,120,43),(2417,'CV',43,0,4,6,48),(2418,'CV',43,0,7,10,46),(2419,'CV',43,0,11,13,55),(2420,'CV',43,0,14,17,53),(2421,'CV',43,0,18,49,47),(2422,'CV',43,0,50,64,46),(2423,'CV',43,0,65,79,48),(2424,'CV',43,0,80,120,44),(2425,'CV',6,1,4,6,64),(2426,'CV',6,1,7,10,51),(2427,'CV',6,1,11,13,54),(2428,'CV',6,1,14,17,51),(2429,'CV',6,1,18,49,54),(2430,'CV',6,1,50,64,54),(2431,'CV',6,1,65,79,53),(2432,'CV',6,1,80,120,52),(2433,'CV',6,0,4,6,59),(2434,'CV',6,0,7,10,61),(2435,'CV',6,0,11,13,50),(2436,'CV',6,0,14,17,54),(2437,'CV',6,0,18,49,63),(2438,'CV',6,0,50,64,56),(2439,'CV',6,0,65,79,56),(2440,'CV',6,0,80,120,53),(2441,'CV',10,1,4,6,47),(2442,'CV',10,1,7,10,45),(2443,'CV',10,1,11,13,39),(2444,'CV',10,1,14,17,60),(2445,'CV',10,1,18,49,47),(2446,'CV',10,1,50,64,55),(2447,'CV',10,1,65,79,54),(2448,'CV',10,1,80,120,63),(2449,'CV',10,0,4,6,47),(2450,'CV',10,0,7,10,46),(2451,'CV',10,0,11,13,53),(2452,'CV',10,0,14,17,51),(2453,'CV',10,0,18,49,56),(2454,'CV',10,0,50,64,57),(2455,'CV',10,0,65,79,55),(2456,'CV',10,0,80,120,53),(2457,'CV',13,1,4,6,35),(2458,'CV',13,1,7,10,36),(2459,'CV',13,1,11,13,36),(2460,'CV',13,1,14,17,37),(2461,'CV',13,1,18,49,39),(2462,'CV',13,1,50,64,34),(2463,'CV',13,1,65,79,35),(2464,'CV',13,1,80,120,38),(2465,'CV',13,0,4,6,37),(2466,'CV',13,0,7,10,34),(2467,'CV',13,0,11,13,36),(2468,'CV',13,0,14,17,33),(2469,'CV',13,0,18,49,39),(2470,'CV',13,0,50,64,42),(2471,'CV',13,0,65,79,35),(2472,'CV',13,0,80,120,37),(2473,'CV',5,1,4,6,34),(2474,'CV',5,1,7,10,30),(2475,'CV',5,1,11,13,32),(2476,'CV',5,1,14,17,30),(2477,'CV',5,1,18,49,31),(2478,'CV',5,1,50,64,30),(2479,'CV',5,1,65,79,32),(2480,'CV',5,1,80,120,31),(2481,'CV',5,0,4,6,33),(2482,'CV',5,0,7,10,31),(2483,'CV',5,0,11,13,32),(2484,'CV',5,0,14,17,31),(2485,'CV',5,0,18,49,32),(2486,'CV',5,0,50,64,31),(2487,'CV',5,0,65,79,33),(2488,'CV',5,0,80,120,31),(2489,'CV',9,1,4,6,42),(2490,'CV',9,1,7,10,39),(2491,'CV',9,1,11,13,43),(2492,'CV',9,1,14,17,36),(2493,'CV',9,1,18,49,38),(2494,'CV',9,1,50,64,37),(2495,'CV',9,1,65,79,42),(2496,'CV',9,1,80,120,43),(2497,'CV',9,0,4,6,38),(2498,'CV',9,0,7,10,39),(2499,'CV',9,0,11,13,38),(2500,'CV',9,0,14,17,36),(2501,'CV',9,0,18,49,38),(2502,'CV',9,0,50,64,38),(2503,'CV',9,0,65,79,39),(2504,'CV',9,0,80,120,38),(2505,'CV',7,1,4,6,102),(2506,'CV',7,1,7,10,95),(2507,'CV',7,1,11,13,103),(2508,'CV',7,1,14,17,89),(2509,'CV',7,1,18,49,99),(2510,'CV',7,1,50,64,107),(2511,'CV',7,1,65,79,99),(2512,'CV',7,1,80,120,86),(2513,'CV',7,0,4,6,107),(2514,'CV',7,0,7,10,106),(2515,'CV',7,0,11,13,95),(2516,'CV',7,0,14,17,96),(2517,'CV',7,0,18,49,106),(2518,'CV',7,0,50,64,109),(2519,'CV',7,0,65,79,105),(2520,'CV',7,0,80,120,98),(2521,'CV',15,1,4,6,38),(2522,'CV',15,1,7,10,35),(2523,'CV',15,1,11,13,36),(2524,'CV',15,1,14,17,33),(2525,'CV',15,1,18,49,34),(2526,'CV',15,1,50,64,34),(2527,'CV',15,1,65,79,36),(2528,'CV',15,1,80,120,36),(2529,'CV',15,0,4,6,35),(2530,'CV',15,0,7,10,33),(2531,'CV',15,0,11,13,39),(2532,'CV',15,0,14,17,34),(2533,'CV',15,0,18,49,35),(2534,'CV',15,0,50,64,35),(2535,'CV',15,0,65,79,37),(2536,'CV',15,0,80,120,37),(2537,'CV',3,1,4,6,53),(2538,'CV',3,1,7,10,57),(2539,'CV',3,1,11,13,122),(2540,'CV',3,1,14,17,53),(2541,'CV',3,1,18,49,61),(2542,'CV',3,1,50,64,58),(2543,'CV',3,1,65,79,52),(2544,'CV',3,1,80,120,53),(2545,'CV',3,0,4,6,62),(2546,'CV',3,0,7,10,56),(2547,'CV',3,0,11,13,56),(2548,'CV',3,0,14,17,51),(2549,'CV',3,0,18,49,63),(2550,'CV',3,0,50,64,57),(2551,'CV',3,0,65,79,59),(2552,'CV',3,0,80,120,59),(2553,'CV',11,1,4,6,71),(2554,'CV',11,1,7,10,73),(2555,'CV',11,1,11,13,78),(2556,'CV',11,1,14,17,77),(2557,'CV',11,1,18,49,69),(2558,'CV',11,1,50,64,64),(2559,'CV',11,1,65,79,62),(2560,'CV',11,1,80,120,67),(2561,'CV',11,0,4,6,85),(2562,'CV',11,0,7,10,71),(2563,'CV',11,0,11,13,70),(2564,'CV',11,0,14,17,69),(2565,'CV',11,0,18,49,72),(2566,'CV',11,0,50,64,73),(2567,'CV',11,0,65,79,66),(2568,'CV',11,0,80,120,80),(2569,'CV',14,1,4,6,39),(2570,'CV',14,1,7,10,51),(2571,'CV',14,1,11,13,39),(2572,'CV',14,1,14,17,37),(2573,'CV',14,1,18,49,39),(2574,'CV',14,1,50,64,38),(2575,'CV',14,1,65,79,37),(2576,'CV',14,1,80,120,43),(2577,'CV',14,0,4,6,37),(2578,'CV',14,0,7,10,37),(2579,'CV',14,0,11,13,47),(2580,'CV',14,0,14,17,37),(2581,'CV',14,0,18,49,41),(2582,'CV',14,0,50,64,39),(2583,'CV',14,0,65,79,42),(2584,'CV',14,0,80,120,42),(2585,'CV',4,1,4,6,31),(2586,'CV',4,1,7,10,27),(2587,'CV',4,1,11,13,28),(2588,'CV',4,1,14,17,25),(2589,'CV',4,1,18,49,28),(2590,'CV',4,1,50,64,25),(2591,'CV',4,1,65,79,25),(2592,'CV',4,1,80,120,27),(2593,'CV',4,0,4,6,29),(2594,'CV',4,0,7,10,26),(2595,'CV',4,0,11,13,26),(2596,'CV',4,0,14,17,28),(2597,'CV',4,0,18,49,26),(2598,'CV',4,0,50,64,25),(2599,'CV',4,0,65,79,25),(2600,'CV',4,0,80,120,25);
/*!40000 ALTER TABLE `dris` ENABLE KEYS */;
UNLOCK TABLES;

--
-- Table structure for table `favorite`
--

DROP TABLE IF EXISTS `favorite`;
/*!40101 SET @saved_cs_client     = @@character_set_client */;
/*!50503 SET character_set_client = utf8mb4 */;
CREATE TABLE `favorite` (
                            `favorite_id` bigint NOT NULL AUTO_INCREMENT COMMENT 'ID',
                            `user_id` bigint NOT NULL COMMENT '用户ID',
                            `file_url` char(60) NOT NULL COMMENT '封面图片',
                            `f_name` varchar(30) CHARACTER SET utf8mb3 COLLATE utf8mb3_general_ci NOT NULL COMMENT '名称',
                            `refer` varchar(200) NOT NULL COMMENT '简介',
                            `id_category` int NOT NULL COMMENT '收藏类型',
                            `create_date` datetime NOT NULL DEFAULT CURRENT_TIMESTAMP COMMENT '创建时间',
                            `modify_date` datetime NOT NULL DEFAULT CURRENT_TIMESTAMP COMMENT '修改时间',
                            PRIMARY KEY (`favorite_id`),
                            KEY `favorite_user_user_id_fk` (`user_id`),
                            CONSTRAINT `favorite_user_user_id_fk` FOREIGN KEY (`user_id`) REFERENCES `user` (`user_id`)
) ENGINE=InnoDB AUTO_INCREMENT=10 DEFAULT CHARSET=utf8mb4 COLLATE=utf8mb4_0900_ai_ci COMMENT='收藏';
/*!40101 SET character_set_client = @saved_cs_client */;

--
-- Dumping data for table `favorite`
--

LOCK TABLES `favorite` WRITE;
/*!40000 ALTER TABLE `favorite` DISABLE KEYS */;
INSERT INTO `favorite` VALUES (1,1,'1.jpg','Merry Christmas','Merry Christmas,亲爱的朋友们，圣诞虽然不是中国的传统节日，但是圣诞的欢快氛围却感染着每一个人，姜饼屋，小饼干，还有美味的圣诞大餐，都为我们这个冬日增加了温暖和欢乐！',2,'2024-11-11 11:11:11','2024-11-11 11:11:11'),(2,1,'2.jpg','极速早餐 懒人必看','吃早餐是件正经事，把早餐吃出花样和艳羡，也是一种独特的技能！',2,'2024-11-11 11:11:11','2024-11-11 11:11:11'),(3,1,'3.jpg','梦幻果酱：吃剩水果的华丽变身','夏日水果不宜储藏，一不小心买多了，放久了，眼看着就要坏掉了。别急，这有一招，让你一秒解决吃不掉的水果。锵锵锵...就是把它做成果酱，草莓、百香果、杨梅、猕猴桃、蔓越莓、苹果等等水果，只要你想的到的，都可以完美地变成酸甜可口的果酱，装在玻璃瓶子里，又美又诱人。值得一试哦~~',2,'2024-11-11 11:11:11','2024-11-11 11:11:11'),(4,1,'4.jpg','仲夏端午，粽享新意','又是一年端午节，粽子自然是必不可少。 说起粽子，你能想到什么样的？吃惯了甜粽或是咸粽的你，有没有尝试过其他风味呢？比如梅干菜口味的，蛋黄的，还有用西米做的水晶粽等，其实不仅粽子的味道和原料有多种变化，它的做法也是能千奇百怪哦。 这个端午，让我们一起粽享新意吧~',2,'2024-11-11 11:11:11','2024-11-11 11:11:11'),(5,1,'5.jpg','N款经典小零食自制法','零食是永远戒不掉的美味，那些让人吃了再吃的小零食，既有童年的回忆，也记录了生活的酸甜......其实，闲暇之余自己动手做一款最爱的，跟家人朋友一起分享，也是惬事一桩呢~~',2,'2024-11-11 11:11:11','2024-11-11 11:11:11'),(6,1,'6.jpg','当水果恋上芝士','水果：当我爱上你，你不会有任何感觉 芝士：为什么 水果：你已经习惯，我的陪伴',2,'2024-11-11 11:11:11','2024-11-11 11:11:11'),(7,102,'202504021830178732de879c4d70f44b88616a9b72c21ae19','健康美食','营养元素比较干净的食物',1,'2025-04-03 02:30:20','2025-04-03 02:31:18'),(8,102,'20250402183349667fa17491ad93f447aaaafc197fccd5627','美食','实用，美味的食谱',2,'2025-04-03 02:33:53','2025-04-03 02:34:36'),(9,104,'20250402191439649b4c0786b34cf42cbb709945a956d6e5c','¡','¡',2,'2025-04-03 03:14:41','2025-04-03 03:14:44');
/*!40000 ALTER TABLE `favorite` ENABLE KEYS */;
UNLOCK TABLES;

--
-- Table structure for table `favorite_item`
--

DROP TABLE IF EXISTS `favorite_item`;
/*!40101 SET @saved_cs_client     = @@character_set_client */;
/*!50503 SET character_set_client = utf8mb4 */;
CREATE TABLE `favorite_item` (
                                 `id` bigint NOT NULL AUTO_INCREMENT COMMENT 'ID',
                                 `favorite_id` bigint NOT NULL COMMENT '收藏ID',
                                 `t_id` bigint NOT NULL COMMENT '目标ID',
                                 `create_date` datetime NOT NULL DEFAULT CURRENT_TIMESTAMP COMMENT '创建时间',
                                 `modify_date` datetime NOT NULL DEFAULT CURRENT_TIMESTAMP COMMENT '修改时间',
                                 PRIMARY KEY (`id`),
                                 UNIQUE KEY `favorite_item_pk` (`favorite_id`,`t_id`)
) ENGINE=InnoDB AUTO_INCREMENT=12 DEFAULT CHARSET=utf8mb4 COLLATE=utf8mb4_0900_ai_ci COMMENT='收藏项';
/*!40101 SET character_set_client = @saved_cs_client */;

--
-- Dumping data for table `favorite_item`
--

LOCK TABLES `favorite_item` WRITE;
/*!40000 ALTER TABLE `favorite_item` DISABLE KEYS */;
INSERT INTO `favorite_item` VALUES (1,7,1,'2025-04-03 02:30:23','2025-04-03 02:30:23'),(2,7,5,'2025-04-03 02:30:32','2025-04-03 02:30:32'),(3,7,4,'2025-04-03 02:30:38','2025-04-03 02:30:38'),(4,7,7,'2025-04-03 02:30:46','2025-04-03 02:30:46'),(5,7,22,'2025-04-03 02:30:55','2025-04-03 02:30:55'),(6,7,31,'2025-04-03 02:31:03','2025-04-03 02:31:03'),(7,7,29,'2025-04-03 02:31:08','2025-04-03 02:31:08'),(8,7,33,'2025-04-03 02:31:18','2025-04-03 02:31:18'),(9,8,1,'2025-04-03 02:33:56','2025-04-03 02:33:56'),(10,8,3,'2025-04-03 02:34:35','2025-04-03 02:34:35'),(11,9,2,'2025-04-03 03:14:44','2025-04-03 03:14:44');
/*!40000 ALTER TABLE `favorite_item` ENABLE KEYS */;
UNLOCK TABLES;

--
-- Table structure for table `ingredient`
--

DROP TABLE IF EXISTS `ingredient`;
/*!40101 SET @saved_cs_client     = @@character_set_client */;
/*!50503 SET character_set_client = utf8mb4 */;
CREATE TABLE `ingredient` (
                              `ingredient_id` bigint NOT NULL AUTO_INCREMENT COMMENT 'ID',
                              `user_id` bigint NOT NULL COMMENT '作者ID',
                              `i_name` varchar(30) CHARACTER SET utf8mb4 COLLATE utf8mb4_unicode_ci NOT NULL COMMENT '名称',
                              `file_url` char(60) DEFAULT NULL COMMENT '封面',
                              `refer` varchar(200) CHARACTER SET utf8mb4 COLLATE utf8mb4_unicode_ci DEFAULT NULL COMMENT '描述',
                              `unit` varchar(10) CHARACTER SET utf8mb4 COLLATE utf8mb4_unicode_ci NOT NULL COMMENT '单位',
                              `quantity` json NOT NULL COMMENT '转换计量',
                              `allergy` varchar(200) CHARACTER SET utf8mb4 COLLATE utf8mb4_unicode_ci DEFAULT NULL COMMENT '过敏信息',
                              `status` int NOT NULL COMMENT '食材状态',
                              `content` double NOT NULL DEFAULT '1' COMMENT '净含量',
                              `create_date` datetime NOT NULL DEFAULT CURRENT_TIMESTAMP COMMENT '创建时间',
                              `modify_date` datetime NOT NULL DEFAULT CURRENT_TIMESTAMP COMMENT '修改时间',
                              PRIMARY KEY (`ingredient_id`),
                              KEY `ingredient_user_user_id_fk` (`user_id`),
                              CONSTRAINT `ingredient_user_user_id_fk` FOREIGN KEY (`user_id`) REFERENCES `user` (`user_id`)
) ENGINE=InnoDB AUTO_INCREMENT=51 DEFAULT CHARSET=utf8mb4 COLLATE=utf8mb4_0900_ai_ci COMMENT='食材';
/*!40101 SET character_set_client = @saved_cs_client */;

--
-- Dumping data for table `ingredient`
--

LOCK TABLES `ingredient` WRITE;
/*!40000 ALTER TABLE `ingredient` DISABLE KEYS */;
INSERT INTO `ingredient` VALUES (1,1,'香蕉','1.jpg','香蕉的营养价值具有降低血压、缓解抽筋、改善便秘，香蕉中含钾较高，能够起到通便，润肺化肠作用。\n在食用香蕉期间避免空腹，可以在饭后半个小时后食用，还可以达到减肥功效。','g','{\"根\": 150, \"根（大）\": 210, \"根（小）\": 110}',NULL,200,0.593333,'2024-11-11 11:11:11','2024-11-11 11:11:11'),(2,1,'拐杖糖','2.jpg',NULL,'g','{\"根\": 12, \"盒\": 144}',NULL,200,1,'2024-11-11 11:11:11','2024-11-11 11:11:11'),(3,1,'糖粒','3.jpg',NULL,'g','{\"撮\": 5}',NULL,200,1,'2024-11-11 11:11:11','2024-11-11 11:11:11'),(4,1,'鸡翅','4.jpg','鸡翅是鸡的前肢部分，肉质鲜嫩且富有胶原蛋白，特别适合烤、炸或红烧，味道鲜美，是很多人喜爱的美味佳肴。','g','{\"个\": 90}',NULL,200,0.78,'2024-11-11 11:11:11','2024-11-11 11:11:11'),(5,1,'鸡爪','5.jpg','鸡爪含有丰富的胶原蛋白，适合卤制、红烧或做成凉拌菜，口感滑嫩且富有嚼劲。','g','{\"只\": 50}',NULL,200,0.6,'2024-11-11 11:11:11','2024-11-11 11:11:11'),(6,1,'土豆','6.jpg','土豆是淀粉丰富的根茎类蔬菜，口感绵软多样，可以蒸、煮、炒、炸，用于各种菜肴中，是家常菜的常客。','g','{\"个\": 230}',NULL,200,0.94,'2024-11-11 11:11:11','2024-11-11 11:11:11'),(7,1,'胡萝卜','7.jpg','胡萝卜颜色鲜艳，富含β-胡萝卜素和维生素A，适合生吃、炒制或做汤，带有自然的甜味。','g','{\"根\": 265, \"片\": 10}',NULL,200,0.97,'2024-11-11 11:11:11','2024-11-11 11:11:11'),(8,1,'玉米','8.jpg','玉米是营养丰富的谷物，有甜玉米和糯玉米之分，可以煮熟吃，也可以加入汤、沙拉或做成玉米饼。','g','{\"根\": 142}',NULL,200,0.61,'2024-11-11 11:11:11','2024-11-11 11:11:11'),(9,1,'生抽','9.jpg','生抽是用于调味的酱油，颜色较浅，味道鲜美，适合用于炒菜或做蘸料。','g','{\"勺\": 5}',NULL,200,1,'2024-11-11 11:11:11','2024-11-11 11:11:11'),(10,1,'老抽','10.jpg','老抽是一种较深色的酱油，主要用来给菜肴上色，同时也带有丰富的咸鲜味。','g','{\"勺\": 5}',NULL,200,1,'2024-11-11 11:11:11','2024-11-11 11:11:11'),(11,1,'黄豆酱','11.jpg','黄豆酱由发酵黄豆制成，味道浓郁，适合做酱料或用作调味，增加菜肴的鲜味。','g','{\"勺\": 15}',NULL,200,1,'2024-11-11 11:11:11','2024-11-11 11:11:11'),(12,1,'盐','12.jpg','盐是最常用的调味品，能够提升食材的鲜味，是烹饪中不可或缺的基本调料。','g','{\"勺\": 6}',NULL,200,1,'2024-11-11 11:11:11','2024-11-11 11:11:11'),(13,1,'冰糖','13.jpg','冰糖比普通糖更纯净，常用于糖水、甜汤或炖煮中，能增加菜肴的甜味和光泽。','g','{\"把\": 10}',NULL,200,1,'2024-11-11 11:11:11','2024-11-11 11:11:11'),(14,1,'啤酒','14.jpg','啤酒不仅是饮品，也可以用于烹饪，特别是炖肉或海鲜，能增添独特的麦芽香味和柔嫩口感。','ml','{\"瓶\": 500}',NULL,200,1,'2024-11-11 11:11:11','2024-11-11 11:11:11'),(15,1,'洋葱','15.jpg','洋葱味道辛辣，有层次感，既可以生吃，也可以炒制或烤制，常用于增添菜肴的香味和甜味。','g','{\"个(小)\": 100}',NULL,200,0.91,'2024-11-11 11:11:11','2024-11-11 11:11:11'),(16,1,'樱桃','16.jpg',NULL,'g','{\"颗（大）\": 16, \"颗（小）\": 10}',NULL,200,0.8125,'2024-11-11 11:11:11','2024-11-11 11:11:11'),(17,1,'总统 喷射调制稀奶油','17.jpg','食怀总统喷射奶油罐装大瓶即食免打发动物稀奶油咖啡奶茶雪顶烘焙原料','g','{\"瓶\": 250}','含有乳成分',200,1,'2024-11-11 11:11:11','2024-11-11 11:11:11'),(18,1,'巧克力','18.jpg',NULL,'g','{\"块\": 12, \"块（小）\": 5}',NULL,200,1,'2024-11-11 11:11:11','2024-11-11 11:11:11'),(22,1,'全麦吐司','22.jpg','全麦吐司是用全麦粉制作的面包，富含纤维和营养，口感较为扎实，适合做三明治或早餐食用。','g','{\"片\": 50}','小麦过敏或麸质不耐受',200,1,'2024-11-11 11:11:11','2024-11-11 11:11:11'),(23,1,'番茄','23.jpg','番茄汁多味美，富含维生素C和番茄红素，可以生吃、炒制、做汤或酱料，百搭的健康蔬菜。','g','{\"片\": 10, \"个(中)\": 170, \"个(大)\": 220, \"个(小)\": 110}',NULL,200,0.97,'2024-11-11 11:11:11','2024-11-11 11:11:11'),(24,1,'鸡蛋','24.jpg','鸡蛋营养丰富，蛋白质含量高，煎、煮、炒、蒸均可，几乎是所有菜系中常见的食材。','g','{\"颗(中)\": 60, \"颗(大)\": 70, \"颗(小)\": 50}',NULL,200,0.96,'2024-11-11 11:11:11','2024-11-11 11:11:11'),(25,1,'鸡胸肉','25.jpg','鸡胸肉低脂高蛋白，肉质细嫩，适合煎、炒、烤或做沙拉，是健康饮食中的常见选择。','g','{\"块\": 120}',NULL,200,1,'2024-11-11 11:11:11','2024-11-11 11:11:11'),(26,1,'生菜','26.jpg','生菜清脆爽口，常用于沙拉或生吃，也可以用作卷菜的配料，富含纤维和维生素。','g','{\"棵\": 180, \"片\": 20, \"盘\": 400, \"碗\": 250}',NULL,200,0.98,'2024-11-11 11:11:11','2024-11-11 11:11:11'),(27,1,'花生油','27.jpg','花生油香气浓郁，适合炒菜、煎炸，能为菜肴增添特有的香味。','g','{\"勺\": 10}','花生过敏',200,1,'2024-11-11 11:11:11','2024-11-11 11:11:11'),(28,1,'黄瓜','28.jpg','黄瓜清脆多汁，可以生吃、凉拌或炒制，常用于沙拉和各种清爽菜肴。','g','{\"块\": 10, \"根（大）\": 200, \"根（小）\": 130}',NULL,200,1,'2024-11-11 11:11:11','2024-11-11 11:11:11'),(29,1,'黑胡椒粉','29.jpg','黑胡椒粉辛辣芳香，适合用于腌制、炒菜或做汤，增添菜肴的风味和层次感。','g','{\"勺\": 5}',NULL,200,1,'2024-11-11 11:11:11','2024-11-11 11:11:11'),(30,1,'蚝油','30.jpg','蚝油是一种以蚝为原料制成的调味品，味道鲜美，适合炒菜或做蘸料，使菜肴更为美味。','g','{\"勺\": 10}','贝类致敏原',200,1,'2024-11-11 11:11:11','2024-11-11 11:11:11'),(31,1,'黑胡椒','31.jpg','黑胡椒是烹饪中常用的香料，带有辛辣和微甜的风味，可以现磨使用，增添菜肴的香气。','g','{\"勺\": 10}',NULL,200,1,'2024-11-11 11:11:11','2024-11-11 11:11:11'),(32,1,'小葱','32.jpg','葱具有辛辣的香味，是做菜的基础调料之一，可以生吃、炒制或做汤，增添菜肴的鲜香。','g','{\"把\": 15}',NULL,200,0.93,'2024-11-11 11:11:11','2024-11-11 11:11:11'),(33,1,'姜','33.jpg','姜味辛辣，有暖身作用，常用于炖煮、炒菜或做汤，增加菜肴的深层风味。','g','{\"片\": 1}',NULL,200,0.96,'2024-11-11 11:11:11','2024-11-11 11:11:11'),(34,1,'圣女果','34.jpg','圣女果是小型的番茄，汁多味甜，常用于沙拉、装饰或作为健康的零食。','g','{\"棵\": 18}',NULL,200,1,'2024-11-11 11:11:11','2024-11-11 11:11:11'),(35,1,'帕马森芝士','35.jpg','帕马森芝士是一种硬质奶酪，味道浓郁、略带坚果香，常用于意大利面、披萨等西餐中，刨丝或块状使用。','g','{}','乳糖不耐受或对乳制品过敏',200,1,'2024-11-11 11:11:11','2024-11-11 11:11:11'),(36,1,'民夫果 小西米','36.jpg',NULL,'g','{\"包\": 250}',NULL,200,1,'2024-11-11 11:11:11','2024-11-11 11:11:11'),(37,1,'牛奶','37.jpg',NULL,'ml','{\"杯\": 200, \"盒\": 250}',NULL,200,1,'2024-11-11 11:11:11','2024-11-11 11:11:11'),(38,1,'豆沙','38.jpg',NULL,'g','{\"勺\": 20}',NULL,200,1,'2024-11-11 11:11:11','2024-11-11 11:11:11'),(39,1,'糖粉','39.jpg',NULL,'g','{}',NULL,200,1,'2024-11-11 11:11:11','2024-11-11 11:11:11'),(40,1,'玉米油','40.jpg',NULL,'g','{\"勺\": 10}',NULL,200,1,'2024-11-11 11:11:11','2024-11-11 11:11:11'),(41,1,'粽叶','41.jpg',NULL,'g','{\"张\": 50}',NULL,200,0,'2024-11-11 11:11:11','2024-11-11 11:11:11'),(43,1,'淡奶油','43.jpg',NULL,'g','{}',NULL,200,1,'2024-11-11 11:11:11','2024-11-11 11:11:11'),(44,1,'细砂糖','44.jpg',NULL,'g','{}',NULL,200,1,'2024-11-11 11:11:11','2024-11-11 11:11:11'),(45,1,'玉米淀粉','45.jpg',NULL,'g','{\"勺\": 10}',NULL,200,1,'2024-11-11 11:11:11','2024-11-11 11:11:11'),(46,1,'椰蓉','46.jpg',NULL,'g','{}',NULL,200,1,'2024-11-11 11:11:11','2024-11-11 11:11:11'),(47,1,'可可粉','47.jpg',NULL,'g','{\"勺\": 20}',NULL,200,1,'2024-11-11 11:11:11','2024-11-11 11:11:11'),(48,1,'抹茶粉','48.jpg',NULL,'g','{}',NULL,200,1,'2024-11-11 11:11:11','2024-11-11 11:11:11'),(49,1,'牛肉','49.jpg','牛肉是中国人的第二大肉类食品，仅次于猪肉，牛肉蛋白质含量高，而脂肪含量低，所以味道鲜美，受人喜爱，享有“肉中骄子”的美称。','g','{\"块\": 200}',NULL,200,1,'2024-11-11 11:11:11','2024-11-11 11:11:11'),(50,1,'咖啡','50.jpg','[英coffee]植物名。产于热带、亚热带的常绿小乔木或灌木。叶长卵形，花白色，结深红色浆果。有小果、中果、大果咖啡等。种子炒熟碾成粉可制饮料，有兴奋作用。有消除疲劳，恢复体力，振奋精神之效。','g','{}',NULL,200,1,'2024-11-11 11:11:11','2024-11-11 11:11:11');
/*!40000 ALTER TABLE `ingredient` ENABLE KEYS */;
UNLOCK TABLES;

--
-- Table structure for table `ingredient_nutritional`
--

DROP TABLE IF EXISTS `ingredient_nutritional`;
/*!40101 SET @saved_cs_client     = @@character_set_client */;
/*!50503 SET character_set_client = utf8mb4 */;
CREATE TABLE `ingredient_nutritional` (
                                          `id` bigint NOT NULL AUTO_INCREMENT COMMENT 'ID',
                                          `ingredient_id` bigint NOT NULL COMMENT '食材ID',
                                          `nutritional_id` int NOT NULL COMMENT '营养元素ID',
                                          `value` double NOT NULL COMMENT '含量',
                                          PRIMARY KEY (`id`),
                                          UNIQUE KEY `ingredient_nutritional_pk` (`ingredient_id`,`nutritional_id`),
                                          KEY `ingredient_nutritional_nutrients_id_fk` (`nutritional_id`),
                                          CONSTRAINT `ingredient_nutritional_ingredient_Ingredient_id_fk` FOREIGN KEY (`ingredient_id`) REFERENCES `ingredient` (`ingredient_id`),
                                          CONSTRAINT `ingredient_nutritional_nutrients_id_fk` FOREIGN KEY (`nutritional_id`) REFERENCES `nutrients` (`id`)
) ENGINE=InnoDB AUTO_INCREMENT=2359 DEFAULT CHARSET=utf8mb4 COLLATE=utf8mb4_0900_ai_ci COMMENT='食材营养元素';
/*!40101 SET character_set_client = @saved_cs_client */;

--
-- Dumping data for table `ingredient_nutritional`
--

LOCK TABLES `ingredient_nutritional` WRITE;
/*!40000 ALTER TABLE `ingredient_nutritional` DISABLE KEYS */;
INSERT INTO `ingredient_nutritional` VALUES (1,1,3,0.9),(2,1,4,2.5),(3,1,5,28),(4,1,6,7),(5,1,7,1),(6,1,9,256),(7,1,10,0.4),(8,1,11,0.14),(9,1,13,0.18),(10,1,14,0.65),(11,1,15,43),(12,1,16,20),(13,1,44,8.8),(14,1,18,0.34),(15,1,20,0.2),(16,1,21,2.5),(17,1,23,1.4),(18,1,24,5),(19,1,26,0.24),(20,1,28,93),(21,1,31,60),(22,1,32,1.2),(23,1,33,22),(24,1,38,0.02),(25,1,39,0.04),(26,1,42,8),(27,1,43,0.7),(28,2,28,401),(29,2,33,98.5),(30,3,28,401),(31,3,33,98.5),(32,4,3,8.7),(33,4,5,94),(34,4,6,8),(35,4,7,51),(36,4,9,205),(37,4,10,0.9),(38,4,13,0.42),(39,4,14,0.01),(40,4,15,17),(41,4,17,138),(42,4,19,12.6),(43,4,20,11.5),(44,4,21,4.7),(45,4,22,81),(46,4,23,19),(47,4,24,28),(48,4,26,0.44),(49,4,28,202),(50,4,29,0.2),(51,4,33,5.5),(52,4,34,5.6),(53,4,35,5.2),(54,4,36,5.1),(55,4,37,0.1),(56,4,39,0.05),(57,4,40,0.53),(58,4,41,0.38),(59,4,43,4.36),(60,5,3,10),(61,5,5,76),(62,5,6,36),(63,5,7,169),(64,5,9,108),(65,5,10,1.4),(66,5,11,0.05),(67,5,13,0.9),(68,5,14,0.03),(69,5,15,7),(70,5,16,86),(71,5,20,16.4),(72,5,22,103),(73,5,23,23.9),(74,5,24,37),(75,5,25,0.2),(76,5,26,0.32),(77,5,28,254),(78,5,33,2.7),(79,5,34,3.8),(80,5,35,11.8),(81,5,36,8.4),(82,5,37,3.4),(83,5,38,0.01),(84,5,39,0.13),(85,5,41,0.47),(86,5,43,2.4),(87,6,3,0.5),(88,6,4,1.2),(89,6,5,46),(90,6,6,7),(91,6,7,6),(92,6,9,347),(93,6,10,0.4),(94,6,11,0.09),(95,6,13,0.3),(96,6,14,0.1),(97,6,15,24),(98,6,16,16),(99,6,17,13),(100,6,18,0.3),(101,6,20,0.2),(102,6,21,4.2),(103,6,23,2.6),(104,6,24,1),(105,6,26,0.34),(106,6,28,81),(107,6,31,6),(108,6,32,1.1),(109,6,33,17.8),(110,6,38,0.1),(111,6,39,0.02),(112,6,42,14),(113,6,43,1.1),(114,7,3,0.6),(115,7,4,1.2),(116,7,5,38),(117,7,6,27),(118,7,7,121),(119,7,9,119),(120,7,10,0.3),(121,7,11,0.07),(122,7,13,0.22),(123,7,14,0.08),(124,7,15,18),(125,7,16,20),(126,7,17,2),(127,7,18,0.27),(128,7,20,0.2),(129,7,21,3.1),(130,7,23,1),(131,7,24,342),(132,7,26,0.31),(133,7,28,32),(134,7,30,256.36),(135,7,31,4107),(136,7,32,2.4),(137,7,33,8.1),(138,7,39,0.02),(139,7,40,0.22),(140,7,42,9),(141,8,5,84),(142,8,6,3),(143,8,7,2),(144,8,9,269),(145,8,10,0.6),(146,8,13,0.6),(147,8,15,34),(148,8,16,27),(149,8,20,2.5),(150,8,23,3.3),(151,8,24,18),(152,8,26,0.75),(153,8,28,107),(154,8,32,4.7),(155,8,33,17.8),(156,8,34,0.7),(157,8,38,0.13),(158,8,39,0.1),(159,8,40,0.2),(160,8,42,5.4),(161,8,43,1.84),(162,9,4,1.3),(163,9,7,7247),(164,9,20,0.1),(165,9,23,4.8),(166,9,28,20),(167,10,7,1032),(168,10,23,0.8),(169,10,28,16),(170,10,33,2.9),(171,11,7,3930),(172,11,20,4.6),(173,11,23,7.5),(174,11,28,126),(175,11,33,13.4),(176,12,2,59900),(177,12,3,1),(178,12,4,3500),(179,12,7,39311),(180,13,6,23),(181,13,7,3),(182,13,9,1),(183,13,10,1.4),(184,13,11,0.03),(185,13,13,0.21),(186,13,15,2),(187,13,28,397),(188,13,33,99.3),(189,13,38,0.03),(190,13,39,0.03),(191,14,23,0.4),(192,14,28,38),(193,14,33,3.1),(194,15,2,54),(195,15,3,0.9),(196,15,4,1.2),(197,15,5,39),(198,15,6,24),(199,15,7,4),(200,15,9,147),(201,15,10,0.6),(202,15,11,0.05),(203,15,13,0.23),(204,15,14,0.14),(205,15,15,15),(206,15,16,16),(207,15,18,0.12),(208,15,28,40),(209,15,20,0.2),(210,15,21,1),(211,15,23,1.1),(212,15,24,2),(213,15,26,0.14),(214,15,30,4),(215,15,31,20),(216,15,32,0.9),(217,15,33,9),(218,15,38,0.03),(219,15,39,0.03),(220,15,40,0.12),(221,15,42,8),(222,15,43,0.3),(223,16,3,0.2),(224,16,4,2.2),(225,16,5,27),(226,16,6,11),(227,16,7,8),(228,16,9,232),(229,16,10,0.4),(230,16,11,0.1),(231,16,13,0.23),(232,16,14,0.07),(233,16,15,12),(234,16,16,10),(235,16,17,11),(236,16,21,0.4),(237,16,23,1.1),(238,16,24,18),(239,16,26,2.22),(240,16,28,46),(241,16,31,210),(242,16,32,0.3),(243,16,33,10.2),(244,16,38,0.02),(245,16,39,0.02),(246,16,40,0.05),(247,16,42,10),(248,16,43,0.6),(249,17,7,31),(250,17,20,20),(251,17,23,2.5),(252,17,28,236),(253,17,33,12),(254,18,3,1.2),(255,18,5,114),(256,18,6,111),(257,18,7,112),(258,18,9,254),(259,18,10,1.7),(260,18,11,0.23),(261,18,13,1.02),(262,18,14,0.61),(263,18,15,56),(264,18,20,40.1),(265,18,23,4.3),(266,18,26,1.62),(267,18,28,589),(268,18,32,1.5),(269,18,33,53.4),(270,18,38,0.06),(271,18,39,0.08),(272,18,43,1.4),(273,22,3,19.9),(274,22,5,212),(275,22,6,163),(276,22,7,449),(277,22,9,250),(278,22,10,2.6),(279,22,11,0.23),(280,22,13,1.76),(281,22,14,0.35),(282,22,15,77),(283,22,20,3.6),(284,22,21,6.3),(285,22,23,12.3),(286,22,26,0.54),(287,22,27,7.8),(288,22,28,254),(289,22,29,42),(290,22,32,6),(291,22,33,43.1),(292,22,34,0.7),(293,22,35,2.2),(294,22,36,0.6),(295,22,37,1.6),(296,22,38,0.39),(297,22,39,0.17),(298,22,40,0.22),(299,22,43,4.43),(300,23,4,2.5),(301,23,5,24),(302,23,6,4),(303,23,7,10),(304,23,9,179),(305,23,10,0.2),(306,23,11,0.04),(307,23,13,0.12),(308,23,14,0.06),(309,23,15,12),(310,23,16,8),(311,23,17,17),(312,23,18,0.09),(313,23,20,0.2),(314,23,21,2.3),(315,23,23,0.9),(316,23,24,31),(317,23,26,0.42),(318,23,28,15),(319,23,31,375),(320,23,32,1),(321,23,33,3.3),(322,23,38,0.02),(323,23,39,0.01),(324,23,42,14),(325,23,43,0.49),(326,24,3,14),(327,24,4,22.5),(328,24,5,130),(329,24,6,56),(330,24,7,132),(331,24,9,154),(332,24,10,1.6),(333,24,11,0.19),(334,24,13,0.89),(335,24,14,0.03),(336,24,15,10),(337,24,16,113),(338,24,17,1),(339,24,18,1.53),(340,24,20,8.6),(341,24,22,648),(342,24,23,13.1),(343,24,24,255),(344,24,25,2),(345,24,26,1.14),(346,24,27,0.4),(347,24,28,139),(348,24,29,0.13),(349,24,33,2.4),(350,24,34,4.6),(351,24,35,2.4),(352,24,36,1.9),(353,24,37,0.5),(354,24,38,0.09),(355,24,39,0.2),(356,24,40,0.17),(357,24,41,0.89),(358,24,43,0.2),(359,25,3,11.8),(360,25,4,2.3),(361,25,5,170),(362,25,6,1),(363,25,7,45),(364,25,9,333),(365,25,10,1),(366,25,11,0.01),(367,25,13,0.26),(368,25,14,0.01),(369,25,15,28),(370,25,17,208),(371,25,19,13.8),(372,25,20,1.9),(373,25,21,1.5),(374,25,22,65),(375,25,23,24.6),(376,25,24,3),(377,25,26,0.41),(378,25,28,118),(379,25,29,0.03),(380,25,33,0.6),(381,25,34,1),(382,25,35,0.8),(383,25,36,0.7),(384,25,37,0.1),(385,25,38,0.07),(386,25,39,0.06),(387,25,40,0.81),(388,25,43,11.96),(389,26,3,0.05882),(390,26,4,3.4),(391,26,5,12),(392,26,6,14),(393,26,7,16),(394,26,9,91),(395,26,10,0.2),(396,26,11,0.01),(397,26,13,0.12),(398,26,14,0.06),(399,26,15,7),(400,26,20,0.4),(401,26,21,0.8),(402,26,23,1.6),(403,26,24,2),(404,26,28,12),(405,26,31,26),(406,26,33,1.1),(407,26,38,0.02),(408,26,39,0.01),(409,27,5,15),(410,27,6,12),(411,27,7,4),(412,27,9,1),(413,27,10,2.9),(414,27,11,0.15),(415,27,13,0.48),(416,27,14,0.33),(417,27,15,2),(418,27,20,99.9),(419,27,26,42.06),(420,27,28,899),(421,27,29,0.29),(422,27,34,18.4),(423,27,35,75.5),(424,27,36,42.5),(425,27,37,33),(426,28,3,0.4),(427,28,4,0.2),(428,28,5,24),(429,28,6,24),(430,28,7,5),(431,28,9,102),(432,28,10,0.5),(433,28,11,0.05),(434,28,13,0.18),(435,28,14,0.06),(436,28,15,15),(437,28,16,9),(438,28,17,11),(439,28,18,0.26),(440,28,20,0.2),(441,28,23,0.8),(442,28,24,8),(443,28,26,0.49),(444,28,28,16),(445,28,29,0.01),(446,28,31,90),(447,28,32,0.5),(448,28,33,2.9),(449,28,38,0.02),(450,28,39,0.03),(451,28,40,0.04),(452,28,42,9),(453,28,43,0.2),(454,29,5,182),(455,29,6,326),(456,29,7,7),(457,29,9,1280),(458,29,10,6.9),(459,29,13,1.1),(460,29,15,165),(461,29,20,6.7),(462,29,23,11.6),(463,29,24,379),(464,29,26,35.55),(465,29,28,372),(466,29,32,22.5),(467,29,33,67.7),(468,29,34,4.9),(469,29,35,1.9),(470,29,36,0.8),(471,29,37,1.1),(472,29,38,0.03),(473,29,39,0.29),(474,29,40,0.13),(475,29,42,1.21),(476,29,43,1.05),(477,30,4,13.1),(478,30,5,7),(479,30,6,40),(480,30,7,3790),(481,30,9,210),(482,30,10,3.9),(483,30,11,0.36),(484,30,13,0.9),(485,30,14,0.04),(486,30,15,24),(487,30,16,7),(488,30,17,6),(489,30,20,1),(490,30,23,2.8),(491,30,28,114),(492,30,32,0.6),(493,30,33,21),(494,30,41,1.59),(495,31,3,4.9),(496,31,5,158),(497,31,6,433),(498,31,7,20),(499,31,9,1330),(500,31,10,9.7),(501,31,11,1.33),(502,31,13,1.19),(503,31,14,12.8),(504,31,15,171),(505,31,16,17),(506,31,18,1.4),(507,31,19,11.3),(508,31,20,3.3),(509,31,23,10.4),(510,31,27,164),(511,31,28,311),(512,31,32,0.6),(513,31,33,64),(514,31,36,0.7),(515,31,37,1),(516,31,38,0.11),(517,31,39,0.18),(518,31,40,0.29),(519,31,43,1.44),(520,32,3,1.1),(521,32,5,26),(522,32,6,72),(523,32,7,10),(524,32,9,143),(525,32,10,1.3),(526,32,11,0.06),(527,32,13,0.35),(528,32,14,0.16),(529,32,15,18),(530,32,16,26),(531,32,17,25),(532,32,18,0.08),(533,32,20,0.4),(534,32,23,1.6),(535,32,24,70),(536,32,26,0.49),(537,32,28,27),(538,32,31,840),(539,32,32,1.4),(540,32,33,4.9),(541,32,38,0.05),(542,32,39,0.06),(543,32,42,21),(544,32,43,0.4),(545,33,3,0.6),(546,33,4,4.3),(547,33,5,25),(548,33,6,27),(549,33,7,15),(550,33,9,295),(551,33,10,1.4),(552,33,11,0.14),(553,33,13,0.34),(554,33,14,3.2),(555,33,15,44),(556,33,16,4),(557,33,18,0.2),(558,33,20,0.6),(559,33,23,1.3),(560,33,24,14),(561,33,28,46),(562,33,31,170),(563,33,32,2.7),(564,33,33,10.3),(565,33,38,0.02),(566,33,39,0.03),(567,33,40,0.16),(568,33,42,4),(569,33,43,0.8),(570,34,3,0.2),(571,34,5,26),(572,34,6,6),(573,34,7,10),(574,34,9,262),(575,34,10,0.3),(576,34,11,0.04),(577,34,13,0.2),(578,34,14,0.06),(579,34,15,12),(580,34,17,3),(581,34,20,0.2),(582,34,21,2.3),(583,34,23,1),(584,34,24,28),(585,34,26,0.98),(586,34,28,25),(587,34,31,332),(588,34,32,1.5),(589,34,33,5.8),(590,34,38,0.03),(591,34,39,0.02),(592,34,42,33),(593,34,43,0.92),(594,35,5,694),(595,35,6,1184),(596,35,9,92),(597,35,10,0.8),(598,35,11,0.03),(599,35,13,2.75),(600,35,14,0.02),(601,35,15,44),(602,35,20,25.8),(603,35,22,68),(604,35,23,35.8),(605,35,27,1602),(606,35,28,392),(607,35,33,3.2),(608,35,34,16.4),(609,36,7,75),(610,36,20,0.3),(611,36,23,0.3),(612,36,28,880),(613,36,33,219),(614,37,3,1.9),(615,37,4,1.9),(616,37,5,73),(617,37,6,90),(618,37,7,65),(619,37,9,109),(620,37,10,0.3),(621,37,11,0.02),(622,37,13,0.28),(623,37,14,0.03),(624,37,15,11),(625,37,16,4),(626,37,17,1),(627,37,19,14),(628,37,20,3.8),(629,37,22,15),(630,37,23,3),(631,37,24,54),(632,37,25,1.1),(633,37,26,0.13),(634,37,28,66),(635,37,29,0.02),(636,37,33,5),(637,37,34,1.6),(638,37,35,1.3),(639,37,36,1.1),(640,37,37,0.2),(641,37,38,0.03),(642,37,39,0.12),(643,37,41,0.54),(644,37,42,1),(645,37,43,0.1),(646,38,3,0.9),(647,38,5,68),(648,38,6,42),(649,38,7,24),(650,38,9,139),(651,38,10,8),(652,38,11,0.13),(653,38,13,0.32),(654,38,14,0.33),(655,38,15,2),(656,38,20,1.9),(657,38,23,5.5),(658,38,26,4.37),(659,38,28,247),(660,38,32,1.7),(661,38,33,52.7),(662,38,38,0.03),(663,38,39,0.05),(664,38,43,0.3),(665,39,6,4),(666,39,7,1),(667,39,9,3),(668,39,10,0.2),(669,39,13,0.15),(670,39,15,1),(671,39,16,1),(672,39,20,0.2),(673,39,24,2),(674,39,28,399),(675,39,33,99.3),(676,39,38,0.01),(677,39,39,0.01),(678,39,42,0.23),(679,39,43,0.02),(680,40,5,18),(681,40,6,1),(682,40,7,1),(683,40,9,2),(684,40,10,1.4),(685,40,11,0.23),(686,40,13,0.26),(687,40,14,0.04),(688,40,15,3),(689,40,20,99.2),(690,40,26,50.94),(691,40,28,895),(692,40,29,0.76),(693,40,33,0.5),(694,40,34,14),(695,40,35,79.3),(696,40,36,29.2),(697,40,37,50.1),(698,43,1,3),(699,43,3,0.5),(700,43,5,61),(701,43,6,69),(702,43,7,34),(703,43,9,97),(704,43,11,0.01),(705,43,13,0.25),(706,43,15,7),(707,43,16,4),(708,43,18,0.26),(709,43,19,16.8),(710,43,20,30.9),(711,43,22,111),(712,43,23,2.2),(713,43,24,1013),(714,43,25,0.6),(715,43,26,0.88),(716,43,28,292),(717,43,33,3),(718,43,34,19.3),(719,43,35,10),(720,43,36,9.1),(721,43,37,0.9),(722,43,38,0.02),(723,43,39,0.13),(724,43,40,0.03),(725,43,41,0.2),(726,43,42,0.6),(727,43,43,0.04),(728,44,5,8),(729,44,6,20),(730,44,9,5),(731,44,10,0.6),(732,44,11,0.04),(733,44,13,0.06),(734,44,14,0.09),(735,44,15,3),(736,44,28,400),(737,44,33,99.9),(738,45,3,0.7),(739,45,5,25),(740,45,6,18),(741,45,7,6),(742,45,9,8),(743,45,10,4),(744,45,11,0.07),(745,45,13,0.09),(746,45,14,0.05),(747,45,15,6),(748,45,20,0.1),(749,45,23,1.2),(750,45,28,346),(751,45,32,0.1),(752,45,33,85),(753,45,38,0.03),(754,45,39,0.04),(755,45,43,1.1),(756,46,7,37),(757,46,20,66.5),(758,46,23,6.9),(759,46,28,712),(760,46,33,23.7),(761,47,3,4),(762,47,4,4.1),(763,47,5,623),(764,47,6,74),(765,47,7,23),(766,47,9,360),(767,47,10,1),(768,47,11,1.45),(769,47,13,1.12),(770,47,14,0.15),(771,47,15,5),(772,47,16,83),(773,47,20,8.4),(774,47,23,20.9),(775,47,24,22),(776,47,26,6.33),(777,47,28,349),(778,47,32,14.3),(779,47,33,54.5),(780,47,34,4.6),(781,47,35,3.3),(782,47,36,3),(783,47,37,0.3),(784,47,38,0.05),(785,47,39,0.16),(786,47,40,0.12),(787,47,43,1.4),(788,48,5,350),(789,48,6,420),(790,48,7,6),(791,48,9,2700),(792,48,10,17),(793,48,11,0.6),(794,48,13,6.3),(795,48,15,230),(796,48,16,1200),(797,48,18,3.7),(798,48,20,5.3),(799,48,23,29.6),(800,48,24,2400),(801,48,26,28.1),(802,48,27,2900),(803,48,28,324),(804,48,32,38.5),(805,48,33,39.5),(806,48,34,0.7),(807,48,35,2.5),(808,48,36,0.3),(809,48,37,2.2),(810,48,38,0.6),(811,48,39,1.35),(812,48,40,0.96),(813,48,42,60),(814,48,43,4),(2340,49,7,84.2),(2341,49,14,0.04),(2342,49,15,20),(2343,49,5,168),(2344,49,9,216),(2345,49,6,23),(2346,49,22,84),(2347,49,23,19.9),(2348,49,24,7),(2349,49,11,0.18),(2350,49,10,3.3),(2351,49,33,2),(2352,49,43,5.6),(2353,49,13,4.73),(2354,49,20,4.2),(2355,49,26,0.65),(2356,49,3,6.45),(2357,50,20,0.09),(2358,50,23,0.09);
/*!40000 ALTER TABLE `ingredient_nutritional` ENABLE KEYS */;
UNLOCK TABLES;

--
-- Table structure for table `nutrients`
--

DROP TABLE IF EXISTS `nutrients`;
/*!40101 SET @saved_cs_client     = @@character_set_client */;
/*!50503 SET character_set_client = utf8mb4 */;
CREATE TABLE `nutrients` (
                             `id` int NOT NULL AUTO_INCREMENT COMMENT 'ID',
                             `name` varchar(12) NOT NULL COMMENT '营养元素名称',
                             `unit` varchar(4) NOT NULL COMMENT '计量单位',
                             `refer` text COMMENT '介绍',
                             PRIMARY KEY (`id`)
) ENGINE=InnoDB AUTO_INCREMENT=46 DEFAULT CHARSET=utf8mb4 COLLATE=utf8mb4_0900_ai_ci COMMENT='营养元素';
/*!40101 SET character_set_client = @saved_cs_client */;

--
-- Dumping data for table `nutrients`
--

LOCK TABLES `nutrients` WRITE;
/*!40000 ALTER TABLE `nutrients` DISABLE KEYS */;
INSERT INTO `nutrients` VALUES (1,'氟','mg','氟（fluorine），化学符号 F，1886 年由法国化学家 Henri Moissan 成功分离。1996 年，WHO 将氟归类为“具有潜在毒性，但低剂量时可能是人体某些功能所必需的元素”。氟与牙釉质构建和骨骼发育密切相关，体内缺乏时可能引起龋齿和骨质疏松，摄入过量时会显著增加氟斑牙和氟骨症的发生风险。'),(2,'氯','mg','氯（chloride），化学符号 Cl，1774 年由瑞典化学家 Carl Wilhelm Scheele 发现，1810 年由英国化学家 Humphry Davy 确定并定名。氯是人体必需常量元素之一。氯的生理功能包括调节细胞内外液容量与维持渗透压、维持体液酸碱平衡、参与血液 CO₂ 运输等。'),(3,'硒','μg','硒（selenium），化学符号 Se，1817 年由瑞典化学家 Jöns Jakob Berzelius 发现。Schwarz 和 Foltz 于 1957 年发现硒是阻止大鼠食饵性肝坏死的第 3 因子的主要组分，确认硒具有动物营养作用。1973 年，美国学者 Rotruck 等发现硒是谷胱甘肽过氧化物酶（glutathione peroxidase, GPx）的必要组分。同时期，中国克山病防治研究组发现缺硒是克山病流行的主要原因，补硒能有效预防克山病急性发作，首次证实硒是人体的必需微量元素。近年来，有研究还发现硒摄入过量可能增加人群 2 型糖尿病（type 2 diabetes mellitus, T2DM）的患病风险。'),(4,'碘','μg','碘（iodine），化学符号 I。19 世纪初，法国科学家 Courtois 从海藻灰中首次发现了单质碘，并于 1814 年命名。19 世纪末，人们发现甲状腺具有聚集碘的能力，并从甲状腺中分离出碘，之后关于碘与甲状腺功能关系的研究便陆续开展。直到 20 世纪初，碘被认为是人体必需微量元素之一，碘缺乏可造成甲状腺肿大，补充碘可预防其发生。瑞士和美国于 20 世纪 20 年代首先采用了食盐加碘的措施，我国从 1995 年开始实施食盐加碘措施来预防和控制碘缺乏病（iodine deficiency disorder, IDD）。'),(5,'磷','mg','磷（phosphorus）是人体必需常量元素之一，化学符号为 P，由德国 Hennig Brand 医生于 1669 年从尿残渣中发现并命名。磷在地壳中含量丰富，并广泛存在于动植物细胞内。19 世纪，科学家们相继从动物脂肪和细胞核中提取到含磷化合物，并逐渐认识到磷对于生物体的重要作用。'),(6,'钙','mg','钙（calcium），化学符号 Ca，由英国科学家 Humphry Davy 于 1808 年最早用电解法分离获得并命名。钙是自然界中分布最广泛的元素之一，约占地壳重量的 3%。在人体的含量仅次于氧、碳、氢和氮，排第五位，是人体含量最多的矿物元素。钙具有多种生理功能，是构成骨骼和牙齿的主要成分，调节神经肌肉的兴奋性和血管的收缩与舒张，维持生物膜的完整性和跨膜转运，参与多种激素和神经递质的释放、体内信号传导以及凝血过程等。钙是骨骼和牙齿的主要成分，人体内 99% 以上的钙存在于骨骼和牙齿中，钙占矿物质总量的 32%。钙离子与钾、钠和镁离子动态平衡，共同调节神经肌肉的兴奋性，包括骨骼肌、心肌的收缩，平滑肌及非肌肉细胞的活动和神经兴奋性的维持。当血钙低于正常范围时，神经肌肉的兴奋性增强，可引起肌肉抽搐；而浓度过高时可损害肌肉收缩功能，影响心率与正常呼吸。钙离子在维持生物膜的完整性和通透性上起重要作用，从而维持细胞功能和参与部分酶的激活。细胞内钙离子参与调节多种激素和神经递质的释放。钙作为细胞内第二信使，介导激素的调节作用，如调节消化、能量及脂肪代谢相关激素的产生等。钙作为辅助因子，参与血液凝固，有助于止血与伤口的愈合。此外，也与调节血压、铁的跨膜转运等生理功能有关。'),(7,'钠','mg','钠（sodium），化学符号 Na，1807 年由英国化学家 Humphry Davy 首先分离得到。当初 Davy 用电解苏打的方法（通较大电流将苏打熔化）在阴极得到了金属钠，并将其命名为 sodium。钠是人体必需的常量元素之一，是机体的一种重要电解质。有关人类钠需要量的研究资料有限，且无足够的研究数据确定钠的平均需要量（EAR），因此尚无法提出钠的推荐摄入量（RNI）。目前美国、澳大利亚、韩国等以试验膳食摄入量资料为主要依据，提出了钠的适宜摄入量（AI）。国际食盐合作研究组研究了全球 52 个地区年龄为 20～59 岁共 10079 人的 24 小时尿钠，尿钠排出范围为 0.2～242mmol/24h。美国 DASH（Dietary Approaches to Stop Hypertension）研究发现，含有 1500mg 钠水平的膳食有利于预防高血压，而且不会出现钠的缺乏问题。'),(8,'钼','μg','钼（molybdenum），化学符号 Mo，1778 年瑞典化学家 Scheele 在分解辉钼矿时得到一种白色未知元素氧化粉末，4 年后由 Hjelm 还原得到黑金属粉，并命名为钼。1996 年，FAO/IAEA/WHO 联合专家委员会将钼归类为人体“必需的微量元素”。钼通过钼金属酶发挥其生理功能。钼主要在胃肠道被吸收，通过尿液排出体外，机体通过对尿钼排泄的调节维持体内钼的稳态平衡。在正常膳食条件下人体不会发生钼缺乏，经口摄入钼中毒的资料也很少。'),(9,'钾','mg','钾（potassium），化学符号 K，1807 年由英国化学家 Humphry Davy 分离并命名为 kalium。1938 年，McCollum 等的研究证明钾是一种必需营养素。1997 年，美国高血压联合委员会第 6 次报告提出预防高血压的膳食钾摄入量。体内钾在细胞内参与糖和蛋白质代谢。钾离子能通过细胞膜与细胞外的钠离子交换，维持细胞正常的渗透压和酸碱平衡。通过激活钠钾 ATP 酶产生能量，维持细胞内外钾钠离子浓度梯度，产生膜电位，维持神经肌肉的应激性。心肌细胞内外适宜的钾浓度可维持心肌的自律性、传导性和兴奋性，从而维持心肌的正常功能。人体的钾主要来自食物，蔬菜和水果是钾主要的食物来源。膳食钾约 85% 在小肠吸收。吸收的钾通过钠钾泵（钠钾 ATP 酶）将钾转入细胞内。体内 98% 的钾存在于细胞内。膳食调查和生化指标是评价钾营养状况的主要手段。'),(10,'铁','mg','铁（iron），化学符号 Fe，是人体必需微量元素之一。早在 1932 年已确认无机铁参与血红蛋白的合成，阐明了铁在人体中的基本作用。铁参与体内氧的运送和组织呼吸过程，维持正常的造血功能。膳食铁摄入不足是贫血最常见的病因，此外铁过量也被报道与多种慢性疾病风险增加有关。机体中主要的含铁化学基团为 Fe-S 复合物和血红素。以它们为基础，构成许多具有生物活性的功能蛋白，发挥相应的生理功能。铁的主要生理功能包括参与体内氧的运送和组织呼吸过程，维持正常的造血功能，以 Fe-S 基团形式参与一系列的基本生化反应，包括调节酶活性、线粒体呼吸作用、核糖体生物合成、基因表达等。此外，铁可以增加中性粒细胞和吞噬细胞的吞噬功能，增强机体的抗感染能力。'),(11,'铜','mg','铜（copper），化学符号 Cu，是人体必需的微量元素，其在组织或体液中浓度较为恒定，浓度范围低于 50µg/g。1878 年，Fredrig 首次从章鱼血的蛋白质中分离出铜，并将这种含铜蛋白质称为铜蓝蛋白（ceruloplasmin）。1912 年，首次将肝豆状核变性［又称威尔逊病（Wilson disease）］与铜代谢联系起来。1928 年确定了铜是哺乳动物的必需微量元素。1962 年证实体内铜代谢紊乱导致门克斯病（Menkes disease）。铜在体内的功能主要包括参与能量生成、铁代谢、造血功能、神经递质的产生以及自由基清除等。铜摄入不足、机体需求量增加、吸收不良等是导致铜缺乏的原因。铜缺乏可导致贫血以及神经、免疫、皮肤、心血管、骨髓的异常。'),(12,'铬','μg','铬（chromium），化学符号 Cr，1797 年由法国化学家 Vauquelin 从铬铅矿中发现。1948 年，铬被确认为动植物的组成成分；1954 年，铬被证实具有生物学活性；1959 年从猪胃中提取出一种称为葡萄糖耐量因子（glucose tolerance factor, GTF）的含铬化合物，该化合物能修复大鼠的糖耐量受损，由此铬被确定是动物的必需微量元素。1968 年，首次有研究报道了营养不良的婴幼儿口服 250µg 铬（CrCl₃）可改善葡萄糖清除率。1977 年的临床研究发现，补充铬可纠正接受全肠外营养（total parenteral nutrition, TPN）的病人出现的葡萄糖耐量异常情况，至此，铬才被确定为人体所必需的微量元素。'),(13,'锌','mg','锌（zinc），化学符号 Zn。1869 年，锌首次被证明是黑曲霉菌生长的必需元素，1926 年被确认为高等植物生命中所必需的元素，1934 年被证明是动物所必需的元素。1961 年，Prasad 等对伊朗地区的儿童食欲减退、生长发育迟缓、性发育不良进行流行病学调查，首次揭示了锌对人体营养的重要作用。1974 年，美国国家科学院研究委员会宣布锌是人体必需元素并制定了推荐膳食供给量（RDA）。'),(14,'锰','mg','锰（manganese），化学符号 Mn，1774 年由瑞典化学家 Gahn 分离纯化并命名。1913 年发现锰是动物组织成分之一，直到 1931 年以后才通过实验观察到动物缺锰时会出现生长不良、骨骼异常、生殖功能障碍、运动失调以及碳水化合物和脂肪代谢紊乱等症状，从而确认锰是动物的必需微量元素。但迄今为止尚未发现人类在正常膳食条件下发生锰缺乏。1996 年，FAO/IAEA/WHO 联合专家委员会将锰归类为人体“可能必需的微量元素”。锰通过胃肠道吸收进入体内，经胆汁排泄到肠道，随粪便排出，机体通过对胃肠道吸收和胆汁排泄的调节维持体内锰的稳态平衡。口服锰的毒性很小，很少见到因膳食摄入锰过多而发生锰中毒。目前尚未找到用于锰营养状况评价的可靠标志物。'),(15,'镁','mg','镁（magnesium），化学符号 Mg，1808 年由英国化学家 Humphry Davy 通过电解岩土，首次分离出了元素镁，1831 年由法国科学家 Antoine-Alexandre-Brutus Bussy 命名。1934 年首次发现人类镁缺乏病，证实镁是人体必需的常量元素。镁是数百种酶的辅助因子，这些酶系统调节人体的各种生化反应，如参与蛋白质合成、调节肌肉和神经功能。人体内 99% 的镁位于细胞内（60% 存在于骨骼细胞，40% 存在于软组织、肌肉和器官），血清中的镁低于总量的 1%。人体镁主要通过肠道吸收、肾脏重吸收与排泄、骨组织镁转换进行生理调节。'),(16,'叶酸','μg','叶酸（folate）是一种水溶性维生素，作为一碳单位的载体，参与核苷酸合成、DNA 甲基化反应，对于人体细胞生长、分化、修复至关重要，并具有预防胎儿神经管缺陷的作用。1941 年，Mitchell 和 Snell 从菠菜叶中提取到这一生物因子，遂以“叶酸”命名。1943 年，Stakstad 等从肝脏中分离出叶酸，并确定其化学结构为蝶酰谷氨酸。随着对于叶酸与出生缺陷、心血管疾病、肿瘤以及神经退行性疾病的关系的研究逐步深入，叶酸已成为一种备受关注的微量营养素。叶酸缺乏可导致成人和儿童巨幼红细胞贫血，增加孕妇发生先兆子痫、胎盘早剥、贫血的风险，可导致孕妇自发性流产。孕早期叶酸缺乏可引起胎儿神经管缺陷。中国从 2010 年开始向育龄妇女推荐叶酸补充剂，以预防神经管缺陷。'),(17,'嘌呤','mg','嘌呤 是一种有机化合物，存在于许多食物中。嘌呤在体内代谢后会生成尿酸。高嘌呤食物（如动物内脏、海鲜）可能导致尿酸水平升高，增加痛风的风险。'),(18,'泛酸','mg','泛酸（pantothenic acid），曾称维生素 B₅，因其广泛存在于动植物组织而命名。1939 年，泛酸的化学结构得到明确；1940 年，泛酸被人工合成；1950 年，泛酸被证实是辅酶 A（coenzyme A, CoA）的组成成分；1954 年，泛酸被确认为人体必需的营养素。泛酸在体内作为辅酶 A 和酰基载体蛋白的组成成分，主要参与脂肪酸合成以及脂肪酸和氨基酸的氧化分解等过程。'),(19,'胆碱','mg','胆碱（choline）是一种季铵碱。1862 年由 Strecker 首先从胆汁提取的卵磷脂（磷脂酰胆碱，phosphatidylcholine, PC）中分离出来并命名。虽然胆碱一直被认为是 PC 的组分，直到 1954 年 Kennedy 才明确胆碱经胞苷-5\'-二磷酸胆碱（cytidine-5\'-diphosphocholine pathway, CDP）途径合成 PC。1960 年，Bremer 和 Greenberg 还发现 PC 可以经磷脂酰乙醇胺 N-甲基转移酶（phosphatidylethanolamine-N-methyltransferase, PEMT）途径合成。虽然胆碱是 PC 的关键组成成分，也是神经递质乙酰胆碱的前体，但由于胆碱不仅可以从食物中获得，也可以通过上述内源性途径合成，因此胆碱对人类的必需性在很长时间内未被认识到。直到 20 世纪 30 年代，有研究发现胆碱对动物的生长必不可少，且具有维生素特性。由此，胆碱在膳食中的重要性被逐渐认识并得到重视。'),(20,'脂肪','g','脂类（lipids）是人体必需的宏量营养素之一，是脂肪和类脂的统称，包括甘油酯、磷脂、糖脂和固醇类。脂肪又称甘油三酯（triglyceride, TG），由 1 分子甘油和 3 分子脂肪酸通过酯键结合而成。脂肪酸分为饱和脂肪酸（saturated fatty acid, SFA）和不饱和脂肪酸（unsaturated fatty acid, UFA），后者包括单不饱和脂肪酸和多不饱和脂肪酸。'),(21,'生物素','μg','生物素（biotin）又称维生素 B₇、维生素 H、辅酶 R，是 20 世纪 30 年代发现并于 1941 年确认化学结构的哺乳动物必需营养素。生物素作为生物素依赖性羧化酶的辅酶参与能量物质代谢，通过非羧化作用参与基因表达调控。由于食物来源广泛，且肠道菌群可部分合成生物素，因此人体生物素缺乏的可能性较低。'),(22,'胆固醇','mg','有研究显示膳食胆固醇摄入量与高胆固醇血症的发生密切相关，但与心血管疾病发生之间的关系并不明确。有研究指出，即使胆固醇摄入量达到 768mg/d，也未见与心血管疾病和死亡率之间存在相关关系。蛋类是膳食胆固醇的主要来源之一。已有大量研究报道了蛋类摄入量与心血管疾病发生或死亡风险的关联，但结论尚不明确。一项汇集 6 个美国队列研究的分析结果显示，膳食胆固醇或鸡蛋的摄入量与心血管疾病发生风险和全因死亡率呈正相关。另有两项美国人群队列研究指出，健康成年人提高鸡蛋摄入可增加心血管疾病及全因死亡率。有法国队列研究发现，相较于不摄入者，每周摄入 4～7 个鸡蛋可使成年女性高血压发生风险上升 14%。此外，有英国队列研究则报道了每周摄入 ≥5 个鸡蛋可增加糖尿病或糖耐量异常患者脑卒中发生风险的研究结果。一项汇集了 3 个国际大型前瞻性队列，包括来自 50 个国家 17.7 万名受访者的研究显示，摄入富含胆固醇的鸡蛋与血脂水平、主要心血管事件和死亡率之间没有显著相关。另有西班牙和芬兰人群研究也发现，鸡蛋摄入与脑卒中发生以及心血管疾病死亡风险没有关联。值得注意的是，有中国人群研究也指出，每日摄入＞1 个鸡蛋与心血管疾病发生风险无关；每周摄入 3～6 个鸡蛋时，中国人群心血管疾病及全因死亡风险最低。鉴于目前研究结果不一致，尚无法针对慢性病发生风险制定胆固醇摄入阈值。'),(23,'蛋白质','g','蛋白质（protein）是生物体中广泛存在的一类生物大分子，是由核酸编码的 α-氨基酸通过肽键连接而成的肽链经翻译后加工生成的具有特定立体结构的活性大分子，是人体必需的宏量营养素之一。蛋白质是一切生命的物质基础，是人体细胞、组织以及多种具有重要生理功能的物质的组成成分。通过发挥催化、调节、运输、免疫、供能等作用维持机体正常的生命活动，机体的新陈代谢和生理功能都依赖蛋白质的不同形式。'),(24,'维生素A','μg','维生素 A（vitamin A）是指具有视黄醇生物活性的一大类化合物的总称，一般包括视黄醇（retinol）和类似物，以及维生素 A 原类胡萝卜素（provitamin A carotenoids）。维生素 A 的发现始于对食物治疗夜盲症效果的观察。1500 多年前我国就有对夜盲症的描述和“肝能明目”的记载。1913 年，美国耶鲁大学与威斯康星州立大学的研究人员先后报道了被称为“脂溶性 A”的物质，并由此开启了对维生素 A 的研究。维生素 A 包括来源于动物性食物的视黄醇和视黄酯等，以及来自植物性食物的维生素 A 原类胡萝卜素。维生素 A 原类胡萝卜素在人体内转变为维生素 A 的效率存在很大差异。为了保障植物性食物来源维生素 A 的营养安全，采用视黄醇活性当量（retinol activity equivalent, RAE）来表达膳食中维生素 A 的总量。'),(25,'维生素D','μg','维生素 D（vitamin D）是人类必需的脂溶性维生素。维生素 D 是钙磷代谢的重要调节因子之一，维持正常血清中钙和磷的水平，参与许多细胞组织的代谢。维生素 D 的主要存在形式包括维生素 D₂ [vitamin D₂，又称麦角钙化醇（ergocalciferol）] 和维生素 D₃ [vitamin D₃，又称胆钙化醇（cholecalciferol）]。20 世纪 20 年代，Mellanby 发现鱼肝油可有效治疗实验动物佝偻病，后来 McCollum 确定鱼肝油中含有一种可治疗佝偻病的物质，将其命名为维生素 D。Windaus 教授发现了维生素 D₂，并化学合成了维生素 D₃，因此荣获 1928 年诺贝尔化学奖。'),(26,'维生素E','mg','维生素 E（vitamin E）又名生育酚（tocopherol），是所有具有 α-生育酚活性的生育酚和三烯生育酚（tocotrienol）及其衍生物的脂溶性维生素的总称。1922 年，美国学者首次发现维生素 E，并认为它是大鼠正常生育所必需的物质。20 世纪 60 年代，维生素 E 被证实为人类必需的营养素。α-生育酚是食物含量最丰富且活性最高的维生素 E 形式，常以此为代表进行维生素 E 的相关研究。维生素 E 的生物学活性可以用国际单位（IU）或 α-生育酚当量（α-tocopherol equivalent, α-TE）表示。日常饮食中 α-生育酚的平均吸收率约为 75%。维生素 E 作为一种重要的脂溶性抗氧化营养素而广为人知，生理功能主要有：①抗氧化作用；②维持生育功能；③维持免疫功能。维生素 E 的食物来源广泛，种子和坚果中含量尤其丰富，一般情况下人体不会因为摄入不足而导致缺乏。'),(27,'维生素K','μg','维生素 K（vitamin K）为一种脂溶性维生素，是含有 2-甲基-1,4-萘醌基团的脂溶性化合物，有维生素 K₁ 和 K₂ 两种天然类型。1935 年，丹麦科学家 Dam 报道了一种具有凝血功能的新维生素，将其命名为凝血维生素（维生素 K），并于 1939 年从紫花苜蓿中分离提纯出维生素 K₁，又名叶绿醌（phylloquinone）。之后，美国科学家 Doisy 从动物性食物中提取了维生素 K₂（甲萘醌，menaquinone），与维生素 K₁ 的区别仅在于萘醌环 3 位上的异戊二烯基团数量不同。维生素 K₁ 主要源自绿色蔬菜，而维生素 K₂ 主要源自发酵食品、肉类和乳制品，也可通过肠内细菌合成。'),(28,'热量 kcal','kcal','是食物中能量的单位，表示食物提供的能量值。热量是维持人体正常生理功能（如呼吸、血液循环）和日常活动（如运动、工作）所需的能量来源。'),(29,'n-3脂肪酸','g','n-3 多不饱和脂肪酸（n-3 PUFA）主要包括 ALA、EPA、DHA 及 DPA，其中 ALA 是膳食中最主要的 n-3 PUFA，不能由人体自身合成，是必需脂肪酸。ALA 是膳食中 n-3 PUFA 的主要形式，需对其 AI 值作出推荐。此外，虽然 EPA 和 DHA 在体内可由 ALA 代谢衍生得到，但其转化效率十分有限，EPA 和 DHA 最好能从膳食中提供。'),(30,'原花青素','mg','原花青素（proanthocyanidin）是指一类由不同数量的儿茶素、表儿茶素或没食子酸聚合而成的同源或异源黄酮类化合物，广泛存在于水果、蔬菜、坚果、鲜花、树皮以及某些植物种子中，其中葡萄和蔓越莓的原花青素含量较为丰富。Masquelier（1947 年）首先对原花青素进行命名，并开展结构、生物学效应及毒性等方面的研究。研究显示，原花青素具有抗氧化、降低心血管疾病发生/死亡风险等作用，基于目前的研究证据，提出原花青素降低心血管疾病风险的特定建议值（SPL）为 200mg/d。'),(31,'胡萝卜素','μg','胡萝卜素（carotene）是一类重要的植物色素，广泛存在于胡萝卜、南瓜、番茄等蔬菜中，是维生素 A 的前体物质。'),(32,'膳食纤维','g','膳食纤维（dietary fiber, DF）的概念在 1941 年首次由 Duckworth 等提出，随后经过不断的研究、演变，其定义及内涵被反复讨论与确认，人类对膳食纤维的认识也从化学结构向生理功能拓展。膳食纤维是聚合度≥3，不能被人体小肠消化吸收，但对人体有健康意义的可食用碳水化合物聚合物。根据来源，膳食纤维可分为三类：①天然存在于植物中；②通过物理、化学、酶法从植物中提取；③通过合成获得。其中提取和合成的碳水化合物聚合物需要明确的有益健康的科学证据才能被认定为膳食纤维（组分）。在研究资料的支持下，膳食纤维的健康效益日益明确，主要包括有助于调节肠道菌群、改善排便和肠道健康、调控血糖和血脂等。'),(33,'碳水化合物','g','碳水化合物（carbohydrate, CHO）是由碳、氢、氧三种元素组成，含有多羟基醛类或酮类的有机化合物，包括单糖、寡糖及多糖，其分子通式通常为 Cₘ(H₂O)ₙ。膳食碳水化合物广泛存在于谷物、薯类和豆类等植物性食物中，是人类能量的主要来源。'),(34,'饱和脂肪(酸)','g','饱和脂肪酸（SFA）多存在于动物脂肪和乳脂中（主要是由 14 个及以上碳原子构成的长链 SFA），长期摄入过量可增加心血管疾病发生以及死亡风险。有美国人群队列研究发现，SFA 供能比超过 10%，冠心病发生风险显著增加。另有一项 Meta 分析发现，SFA 供能比与心血管疾病死亡率呈非线性相关，当供能比达到 11% 时，死亡率最高。然而，SFA 不易被氧化成有害物质，且一定量的 SFA 有助于 HDL 的形成，因此不应完全限制 SFA 的摄入。此外，由 8～12 个碳原子构成的中链 SFA（如椰子油中含量较高）不需要胆汁乳化，可直接被小肠吸收，且吸收后无须形成乳糜微粒，可由门静脉直接进入肝脏，并在细胞内快速氧化产生能量。中链 SFA 目前多用于特殊医学用途配方食品（简称特医食品）中。'),(35,'不饱和脂肪酸','g','不饱和脂肪酸（UFA）碳链中含一个或多个不饱和键。绝大多数植物种子和坚果所含脂肪以 UFA 为主，随不饱和程度的增加，其熔点降低，室温下呈液态，在体内易被胆汁乳化，较 SFA 易于消化吸收。'),(36,'单不饱和脂肪酸','g','地中海地区居民膳食脂肪供能比达到甚至超过总能量的 40%，但其血清 TC 水平及心血管疾病发病率远低于其他欧美国家。研究人员将其归因于橄榄油，特别是其中的 MUFA。因此，近年来陆续有研究探究了膳食 MUFA 摄入量与心血管疾病发生风险的关联。一项纳入了 2369 名伊朗成年人的队列研究表明，与最低三分位组（9.5%E）相比，高膳食 MUFA 摄入（11.9%E）可显著降低心血管疾病发生风险。也有 Meta 分析表明，膳食 MUFA 摄入量与心血管疾病发生风险没有关联。另一篇纳入 32 项队列研究的 Meta 分析表明，膳食 MUFA 摄入量与心血管疾病死亡率没有显著关联。美国护士健康研究和卫生专业人员随访队列研究表明，植物源 MUFA 摄入可降低心血管疾病死亡率。因此，众多预防相关慢性病的饮食指南建议增加单不饱和脂肪酸的摄入。但由于膳食 MUFA 的具体摄入量与心血管疾病之间的关联尚未达成共识，有待进一步明确'),(37,'多不饱和脂肪酸','g','目前来自深海鱼的 n-3 PUFA 摄入与心血管疾病发生以及死亡风险之间的关联较为明确。一项纳入 55338 名 50～64 岁人群的队列研究表明，海洋性 n-3 PUFA 摄入对不同心血管疾病的预防作用不同，其中对降低大动脉粥样硬化发生风险的作用最为显著。'),(38,'维生素B₁(硫胺素)','mg','维生素 B₁（vitamin B₁）又名硫胺素（thiamine），是第一个被发现的 B 族维生素。1592 年，荷兰内科医生 Bontius 记录了脚气病的病例。1897 年，荷兰 Eijkman 研究证实用精白米喂养小鸡可诱发与脚气病表现类似的多发性神经炎，而用米糠可治愈。1911 年，Funk 以米糠的抽提浓缩液成功治愈了鸽子的多发性神经炎。1932 年，维生素 B₁ 被从酵母中分离提纯出来。1936 年，Williams 确定了维生素 B₁ 的化学结构，并进行了人工合成。维生素 B₁ 参与能量代谢，在维持神经、肌肉（特别是心肌）的正常功能以及食欲、胃肠蠕动和消化液分泌等方面具有重要作用。'),(39,'维生素B₂(核黄素)','mg','维生素 B₂（vitamin B₂）又称核黄素（riboflavin），为 7,8-二甲基异咯嗪与核糖醇缩合物。1879 年，英国化学家 Blyth 发现牛奶的上层乳清中存在一种黄绿色的荧光色素，具有预防皮肤炎症的作用。1933 年，Kuhn 等分离获得了纯品维生素 B₂，两年后成功确定了其化学结构，并完成了人工合成。同年 Karrer 等也独立完成了同样的工作，因发现其结构中含有一个核糖醇，故将其命名为核黄素。1952 年，该名称被国际生物化学命名委员会正式采纳。维生素 B₂ 在体内主要以辅酶形式参与能量代谢等过程，对烟酸与维生素 B₆ 代谢以及抗氧化功能、亚甲基四氢叶酸还原酶（methylenetetrahydrofolate reductase, MTHFR）基因变异（TT 型）人群血同型半胱氨酸和血压水平也有调节作用。'),(40,'维生素B₆(吡哆醇)','mg','维生素 B₆（vitamin B₆）是人类必需的一种水溶性维生素。1934 年，Gyorgy 首次在动物实验中发现大鼠肢端皮炎现象，提出了“大鼠肢端皮炎预防因子”概念，并命名为维生素 B₆。1938 年，Lepkovsky 分离得到了该维生素纯晶体。1939 年，Harris 和 Folkers 人工合成了吡哆醇。1944-1948 年，Snell 等先后发现了吡哆醛和吡哆胺的存在及其辅酶作用。维生素 B₆ 广泛存在于植物性和动物性食物中，在体内以辅酶及非辅酶形式广泛地参与物质能量代谢和各种生理活动，以及对抗内源性反应中间产物的有害活性，在慢性病防治方面具有更多潜在作用。维生素 B₆ 缺乏时可出现典型的脂溢性皮炎（seborrheic dermatitis）等临床症状。在正常膳食摄入情况下，很少单独发生维生素 B₆ 严重缺乏或过量。'),(41,'维生素B₁₂(钴胺素)','μg','维生素 B₁₂（vitamin B₁₂）又称钴胺素（cobalamine），是预防和治疗恶性贫血的维生素。1948 年从肝脏中分离出具有控制恶性贫血功能的红色晶体物质，定名为维生素 B₁₂。1956 年，英国生物化学家 Hodgkin 利用 X 射线法鉴定了其分子结构。1976 年完成维生素 B₁₂ 人工合成。膳食维生素 B₁₂ 主要来源于动物性食物。维生素 B₁₂ 在人体内参与蛋白质、脂肪和碳水化合物等生物大分子的转化和利用，促进红细胞的发育和成熟，参与脱氧核糖核酸的合成。虽然伴有血液和神经系统表现的维生素 B₁₂ 缺乏已经少见，但近年来维生素 B₁₂ 边缘性缺乏及其健康影响引起关注。'),(42,'维生素C(抗坏血酸)','mg','维生素 C（vitamin C）又称为抗坏血酸（ascorbic acid），是一种水溶性维生素。维生素 C 缺乏导致的坏血病（scurvy）早在公元前 1550 年就有记载，并于 15-16 世纪波及整个欧洲。1747 年，英国的海军军医林德（James Lind）首次发现柑橘和柠檬能治疗坏血病。1928 年，剑桥大学的学者从牛肾上腺、柑橘和甘蓝叶中分离出了抗坏血酸。到 20 世纪 30 年代，维生素 C 的结构已被阐明，并成功合成了维生素 C。'),(43,'烟酸','mg','烟酸（niacin, NA）又称尼克酸（nicotinic acid）。1867 年，德国化学家 Huber 从烟草提取的尼古丁中制得烟酸。1913 年，Funk 等从酵母和米糠中提取出烟酸。1937 年，Elvehjem 发现从肝脏分离出来的烟酸是狗的抗黑舌病因子（anti-black-tongue factor），并与人的糙皮病有关。烟酸在体内以烟酰胺（nicotinamide, nicotinic acid amide, NAM）形式存在，是辅酶 I（烟酰胺腺嘌呤二核苷酸，nicotinamide adenine dinucleotide, NAD）和辅酶 II（烟酰胺腺嘌呤二核苷酸磷酸，nicotinamide adenine dinucleotide phosphate, NADP）的前体，辅酶中的烟酰胺在许多生物氧化还原反应中发挥电子受体或供氢体的作用。烟酸参与体内物质能量代谢，调控血糖、血脂水平，并维持神经系统的正常功能。'),(44,'果糖','g','果糖（fructose）是一种天然存在于水果和蜂蜜中的单糖，是常见的甜味剂之一。果糖的代谢主要在肝脏中进行，过量摄入可能导致代谢紊乱，如脂肪肝和胰岛素抵抗。'),(45,'烟酰胺','mg','烟酰胺 是维生素 B3（烟酸）的一种形式，属于水溶性维生素。烟酰胺在体内参与能量代谢、细胞修复和 DNA 合成等过程。适量的烟酰胺摄入有助于维持皮肤健康、神经系统功能和消化系统功能。');
/*!40000 ALTER TABLE `nutrients` ENABLE KEYS */;
UNLOCK TABLES;

--
-- Table structure for table `permission`
--

DROP TABLE IF EXISTS `permission`;
/*!40101 SET @saved_cs_client     = @@character_set_client */;
/*!50503 SET character_set_client = utf8mb4 */;
CREATE TABLE `permission` (
                              `id` int NOT NULL AUTO_INCREMENT COMMENT 'ID',
                              `name` varchar(50) NOT NULL COMMENT '请求路径',
                              `category` varchar(80) NOT NULL COMMENT '分组名',
                              `title` varchar(80) NOT NULL COMMENT '权限名',
                              PRIMARY KEY (`id`),
                              UNIQUE KEY `permission_pk` (`name`)
) ENGINE=InnoDB AUTO_INCREMENT=73 DEFAULT CHARSET=utf8mb4 COLLATE=utf8mb4_0900_ai_ci COMMENT='权限';
/*!40101 SET character_set_client = @saved_cs_client */;

--
-- Dumping data for table `permission`
--

LOCK TABLES `permission` WRITE;
/*!40000 ALTER TABLE `permission` DISABLE KEYS */;
INSERT INTO `permission` VALUES (1,'/AddAdmin','管理员管理','添加管理员'),(2,'/ChangeAdminInfo','管理员管理','修改管理员信息'),(3,'/GetAdmins','管理员管理','获取管理员列表'),(4,'/Logout','管理员管理','注销/启用 管理员账户'),(5,'Category/AddCategory','分类管理','添加分组'),(6,'Category/EditCategoryName','分类管理','修改分类名称'),(7,'Category/GetCategories','分类管理','获取分类列表'),(8,'Category/GetCategoryIngredients','分类管理','获取食谱分类'),(9,'Category/GetCategoryRecipes','分类管理','获取食谱分类列表'),(10,'Category/GetIngredientCategoryItems','分类管理','获取食材分类子项'),(11,'Category/GetRecipeCategoryItems','分类管理','获取食谱分类子项'),(12,'Category/RemoveCategory','分类管理','删除分类'),(13,'Category/UpdateIngredientCategoryItems','分类管理','修改食材分类项'),(14,'Category/UpdateRecipeCategoryItems','分类管理','修改食谱分类项'),(15,'Ingredient/AddIngredient','食材管理','添加食材'),(16,'Ingredient/DeleteIngredient','食材管理','删除食材'),(17,'Ingredient/EditIngredient','食材管理','修改食材信息'),(18,'Ingredient/GetIngredient','食材管理','获取单个食材'),(19,'Ingredient/GetIngredients','食材管理','获取所有食材'),(20,'Ingredient/GetNutrients','食材管理','获取营养元素名字列表'),(21,'Ingredient/ReverseIngredientStatus','食材管理','上下架食材'),(22,'Ingredient/SetIngredientAvailable','食材管理','是否上架'),(23,'Permission/AddPermission','权限管理','添加权限'),(24,'Permission/DeletePermission','权限管理','删除权限'),(25,'Permission/EditPermission','权限管理','修改权限'),(26,'Permission/GetPermissions','权限管理','获取权限列表'),(27,'Permission/GetRolePermissions','角色管理','获取角色拥有的权限列表'),(28,'Recipe/AddRecipe','食谱管理','添加食谱'),(29,'Recipe/CloseEditRecipe','食谱管理','取消修改食谱'),(30,'Recipe/DeleteRecipe','食谱管理','删除食谱'),(31,'Recipe/EditRecipe','食谱管理','修改食谱'),(32,'Recipe/GetRecipe','食谱管理','获取单个食谱'),(33,'Recipe/GetRecipeIngredients','食谱管理','获取搜到的食材'),(34,'Recipe/GetRecipes','食谱管理','获取食谱信息'),(35,'Recipe/NeedEditRecipe','食谱管理','提醒需修改食谱'),(36,'Recipe/OffRecipe','食谱管理','下架食谱'),(37,'Recipe/OnRecipe','食谱管理','上架食谱'),(38,'Recipe/ReverseRecipeStatus','食谱管理','上下架食谱'),(39,'Release/ApproveRelease','审核管理','通过审核'),(40,'Release/ConfirmRelease','审核管理','通过审核'),(41,'Release/GetRelease','审核管理','获取审核详细信息'),(42,'Release/GetReleaseIngredient','审核管理','获取审核中的食材信息'),(43,'Release/GetReleaseRecipe','审核管理','获取审核中的食谱'),(44,'Release/GetReleases','审核管理','获取发布列表'),(45,'Release/NeedEditRelease','审核管理','审核-需修改'),(46,'Release/RejectRelease','审核管理','驳回审核'),(47,'Release/RemoveRelease','审核管理','删除审核记录'),(48,'Role/EditRole','角色管理','修改角色信息'),(49,'Role/EditRolePermissions','角色管理','修改角色权限'),(50,'Role/GetRoles','角色管理','获取角色列表'),(51,'Role/GetSimpleRoles','角色管理','获取简易角色列表'),(52,'User/ChangeInfo','用户管理','修改用户信息'),(53,'User/ChangePassword','用户管理','修改用户密码'),(54,'User/GetUsers','用户管理','获取用户列表'),(55,'User/Ban','用户管理','封禁/启用 用户账户'),(56,'Comment/GetComments','评论管理','获取所有评论'),(57,'Comment/ReverseCommentStatus','评论管理','转换评论状态'),(58,'Comment/DeleteComment','评论管理','删除评论'),(59,'Report/GetReports','举报管理','获取所有举报'),(60,'Report/RejectReport','举报管理','驳回举报'),(61,'Report/ReportOff','举报管理','处理被举报的内容'),(62,'Report/DeleteReject','举报管理','删除举报'),(63,'Config/GetConfigs','系统配置','获取所有系统配置'),(64,'Config/EditConfig','系统配置','修改配置项'),(65,'Config/GetBackupInfo','系统配置','获取备份信息'),(66,'Config/Backup','系统配置','数据库备份'),(67,'Config/Restore','系统配置','数据库还原'),(68,'Config/DeleteUselessFiles','系统配置','删除无效文件'),(69,'User/GetUser','用户管理','获取用户信息'),(70,'Config/Reset','系统配置','重置配置'),(71,'Config/DeleteSqlFile','系统配置','删除备份文件'),(72,'Role/AddRole','角色管理','添加角色');
/*!40000 ALTER TABLE `permission` ENABLE KEYS */;
UNLOCK TABLES;

--
-- Table structure for table `physical_signs_record`
--

DROP TABLE IF EXISTS `physical_signs_record`;
/*!40101 SET @saved_cs_client     = @@character_set_client */;
/*!50503 SET character_set_client = utf8mb4 */;
CREATE TABLE `physical_signs_record` (
                                         `upi_id` bigint NOT NULL AUTO_INCREMENT COMMENT 'ID',
                                         `u_id` bigint NOT NULL COMMENT '用户ID',
                                         `cal_id` int NOT NULL COMMENT '活动水平ID',
                                         `height` double NOT NULL DEFAULT '120' COMMENT '身高',
                                         `weight` double NOT NULL DEFAULT '30' COMMENT '体重',
                                         `protein_percentage` double NOT NULL COMMENT '蛋白质供能占比',
                                         `fat_percentage` double NOT NULL COMMENT '脂肪供能占比',
                                         `create_date` date NOT NULL COMMENT '更新时间',
                                         PRIMARY KEY (`upi_id`),
                                         KEY `user_physical_info_user_user_id_fk` (`u_id`),
                                         KEY `user_physical_info_config_activity_level_id_fk` (`cal_id`),
                                         CONSTRAINT `PhysicalSignsRecord_config_activity_level_id_fk` FOREIGN KEY (`cal_id`) REFERENCES `config_activity_level` (`id`),
                                         CONSTRAINT `PhysicalSignsRecord_user_user_id_fk` FOREIGN KEY (`u_id`) REFERENCES `user` (`user_id`)
) ENGINE=InnoDB AUTO_INCREMENT=11 DEFAULT CHARSET=utf8mb4 COLLATE=utf8mb4_0900_ai_ci COMMENT='体征记录';
/*!40101 SET character_set_client = @saved_cs_client */;

--
-- Dumping data for table `physical_signs_record`
--

LOCK TABLES `physical_signs_record` WRITE;
/*!40000 ALTER TABLE `physical_signs_record` DISABLE KEYS */;
INSERT INTO `physical_signs_record` VALUES (1,102,39,170,64,0.19,0.3,'2025-03-26'),(2,102,25,171.8,64,0.1,0.24,'2025-03-27'),(3,102,39,172,65,0.12,0.3,'2025-04-07'),(4,102,39,171.8,66,0.12,0.34,'2025-04-08'),(5,102,39,171.1,64,0.19,0.35,'2025-04-09'),(6,102,39,171.5,63.1,0.18,0.31,'2025-04-10'),(7,102,36,171.9,63.5,0.11,0.24,'2025-04-11'),(8,102,15,172,62,0.1,0.25,'2025-04-12'),(9,102,15,172.99,62.45,0.1,0.25,'2025-04-13'),(10,102,23,178,62,0.1,0.25,'2025-04-14');
/*!40000 ALTER TABLE `physical_signs_record` ENABLE KEYS */;
UNLOCK TABLES;

--
-- Table structure for table `preparation_step`
--

DROP TABLE IF EXISTS `preparation_step`;
/*!40101 SET @saved_cs_client     = @@character_set_client */;
/*!50503 SET character_set_client = utf8mb4 */;
CREATE TABLE `preparation_step` (
                                    `preparation_step_id` bigint NOT NULL AUTO_INCREMENT COMMENT 'ID',
                                    `recipe_id` bigint NOT NULL COMMENT '食谱ID',
                                    `sequence_number` int NOT NULL COMMENT '顺序编号',
                                    `title` varchar(30) CHARACTER SET utf8mb3 COLLATE utf8mb3_general_ci NOT NULL COMMENT '标题',
                                    `file_url` char(60) DEFAULT NULL COMMENT '步骤图片',
                                    `refer` varchar(200) CHARACTER SET utf8mb3 COLLATE utf8mb3_general_ci NOT NULL COMMENT '描述',
                                    `required_time` time DEFAULT NULL COMMENT '所需时间',
                                    `required_ingredient` varchar(600) NOT NULL DEFAULT '||' COMMENT '耗时比例',
                                    `summary` varchar(200) CHARACTER SET utf8mb3 COLLATE utf8mb3_general_ci DEFAULT NULL COMMENT '小结',
                                    PRIMARY KEY (`preparation_step_id`),
                                    KEY `preparation_step_recipe_recipe_id_fk` (`recipe_id`),
                                    CONSTRAINT `preparation_step_recipe_recipe_id_fk` FOREIGN KEY (`recipe_id`) REFERENCES `recipe` (`recipe_id`)
) ENGINE=InnoDB AUTO_INCREMENT=69 DEFAULT CHARSET=utf8mb4 COLLATE=utf8mb4_0900_ai_ci COMMENT='制作步骤';
/*!40101 SET character_set_client = @saved_cs_client */;

--
-- Dumping data for table `preparation_step`
--

LOCK TABLES `preparation_step` WRITE;
/*!40000 ALTER TABLE `preparation_step` DISABLE KEYS */;
INSERT INTO `preparation_step` VALUES (1,1,1,'步骤1','3-2.jpg','香蕉去皮切段','00:07:00','1||1','加少许盐进一小盆，香蕉放进去稍微洗一下，马上拿起来。目的是让香蕉不会变黑和不会涩'),(2,1,2,'步骤2','3-3.jpg','插上拐杖糖','00:00:20','2||1',NULL),(3,1,3,'步骤3','3-4.jpg','融化巧克力','00:01:30','18||1',NULL),(4,1,4,'步骤4','3-5.jpg','把（2）裹上一层巧克力，撒上糖，放入冷冻库10分钟','00:11:30','1.3.18||1.1.3',NULL),(5,1,5,'步骤5','3-6.jpg','喷上总统 喷射调制稀奶油','00:00:30','17||1',NULL),(6,1,6,'步骤6','3-7.jpg','自由发挥','00:01:00','12.16||1.1',NULL),(7,4,1,'步骤1','','首先，剪掉鸡爪的指甲，确保干净利落。然后，把鸡翅和鸡爪彻底洗净。接下来，把它们放入冷水中，加入适量的葱姜和料酒，煮约3分钟进行焯水。这一步能够有效去除鸡翅和鸡爪的腥味和血水。完成后，用漏网将食材捞出，并轻轻沥干水分，以便后续烹饪。','00:30:00','4.5||1.1','在购买鸡翅和鸡爪时，选择新鲜的食材是至关重要的，因为它直接关系到最终菜品的口感和质量。鸡爪要用盐水泡，否则味道不对，会有腥味的。因此，在购买时，请务必留意食材的新鲜程度，以确保您能够制作出令人满意的佳肴。'),(8,4,2,'步骤2','','把土豆和胡萝卜切成不规则的块状，玉米则切成小段，洋葱切碎。这些配料的加入不仅丰富了菜肴的口感和视觉效果，同时也为菜品增添了更多营养价值。','00:10:00','6.7.8.15||1.1.1.1',NULL),(9,4,3,'步骤3','1-2.jpg','先将锅预热，再倒入适量的油，随后放入一小把冰糖，以小火慢炒至呈现出诱人的枣红色。接着，将鸡翅和鸡爪加入锅中，不断翻炒直至均匀上色。随后，加入一勺豆瓣酱，继续翻炒至红油溢出。最后，将预先调制好的料汁均匀淋入锅中，与鸡翅和鸡爪充分混合。这样处理，可以确保鸡翅和鸡爪充分吸收料汁的风味。','00:20:00','9.10.11.12.13|4.5|1.1.1.1.1.8.8','调制料汁时，可依据个人口味灵活调整调料比例，打造出满意的风味。\n在烹饪过程中，需维持小火慢炖的状态，确保食材能够充分吸收汤汁的鲜美。'),(10,4,4,'步骤4','','将半瓶啤酒与清水混合，水量刚好覆盖食材，然后盖上锅盖，用小火焖煮20分钟。这样做不仅能有效去除鸡翅和鸡爪的腥味，还能为菜品增添独特的香气。在焖煮过程中，务必保持火力适中，确保食材能够充分吸收汤汁的美味。','00:25:00','14|4.5|1.12.12',NULL),(11,4,5,'步骤5','','在焖煮了20分钟后，我们将切好的配菜加入其中，并继续焖煮15分钟。这样可以让配菜充分吸收汤汁的鲜美。在翻焖的过程中，要特别留意避免糊锅，维持小火慢煮，确保菜品口感完美。','00:15:00','6.7.8||1.1.1','在烹饪过程中，收汁是一个重要的步骤。为了确保菜肴的口感和外观不受影响，火候的控制显得尤为重要。过高的温度或过长的烹饪时间都可能导致食材糊锅，进而影响整体的风味和美感。因此，在收汁时，我们必须密切关注火候，适时调整，确保烹饪出的菜肴既美味又诱人。'),(12,4,6,'步骤6','1-3.jpg','将切好的洋葱倾入锅中，快速翻炒至微黄，随后转为大火，使汤汁逐渐浓稠。洋葱的添加不仅丰富了菜肴的风味和视觉效果，更是点睛之笔，为菜品增添了一抹独特的香气。在收汁的过程中，火候的掌控至关重要，以防出现糊锅的情况。','00:05:00','15|4.5.6.7.8|6.6.1.1.1.2',NULL),(13,4,7,'步骤7','1-4.jpg','最终，撒上葱花和白芝麻，这道美味的鸡翅鸡爪煲便可上桌了。葱花和白芝麻的点缀不仅丰富了菜品的色彩，还提升了口感，令人垂涎欲滴。经过长时间的慢炖，汤汁变得浓郁，鸡肉软糯脱骨，每一口都充满了满足感。这道佳肴绝对能让你的味蕾得到极致的享受。',NULL,'||',NULL),(14,5,1,'处理鸡胸肉','2-2.jpg','鸡胸肉先切薄片，薄一点更容易煎熟。在鸡胸肉背面用刀背切横竖多切几刀，但是不要切断，这是为了方便鸡胸肉研制的时候更加入味。先讲奥尔良口味鸡胸肉做法，这个超简单，就是把奥尔良腌料加入鸡胸肉中，抓匀，放保鲜袋密封然后进冷藏一宿就可以啦','12:30:00','25||1',NULL),(15,5,2,'腌制鸡胸肉','2-3.jpg','再说黑胡椒口味鸡胸肉腌制方法：鸡胸肉处理同上，1整块鸡胸肉调料比例为：1勺生抽，1勺冒尖蚝油，一平勺黑胡椒，一点点盐，一点点葱花和姜丝去腥（如果家里有料酒直接加料酒去腥也可以，我家有孕妇所以没加料酒^_^）放入保鲜袋密封，进冰箱冷藏腌制入味','06:00:00','9.12.25.30.31.32.33||1.1.90.1.1.1.1','腌制奥尔良鸡胸肉的时候可以稍微多放一点调料，因为鸡胸肉是一个三明治调料口味的来源，太淡可能吃不出味道。'),(16,5,3,'准备食材','2-4.jpg','将所需要的食材全部准备好，胡萝卜黄瓜和西红柿切片，我比较能吃，所以各准备了五六片左右，生菜洗净备用。','00:15:00','7.23.28||1.1.1',NULL),(17,5,4,'煎面包','2-5.jpg','锅底摸一点点花生油，把面包煎至两面金黄。我家里没有黄油所以用的花生油，要是用黄油煎当然更完美啦','00:05:00','27|22|1.10','最好用不粘锅操作哦。煎面包的时候锅里一定不要放太多油，油足够把锅底沾匀保证煎面包不糊锅就可以啦。'),(18,5,5,'煎鸡蛋','2-6.jpg','锅里放油，下鸡蛋煎熟（这是一个不太成功的荷包蛋，但是！不重要！相信我，口感没差的！）','00:05:00','24|27|10.1',NULL),(19,5,6,'煎鸡胸肉','2-7.jpg','用剩的油继续煎熟鸡胸肉，这里鸡胸肉因为切的比较薄所以很好熟，可以用筷子戳一下没有血丝就可以啦，煎至两面金黄出锅备用。','00:10:00','25||1',NULL),(20,5,7,'组装三明治','2-8.jpg','底下铺一层保鲜膜，把面包和各种配菜按照自己的喜好铺上去，我的是：面包、生菜、煎蛋、西红柿、生菜、胡萝卜、鸡胸肉、黄瓜、生菜、面包。顺序无所谓，你喜欢就好。底下铺保鲜膜是为了待会为三明治更好的定型而且吃的时候不容易散开。保鲜膜的长度要够覆盖过三明治的。','00:01:00','7.22.23.24.25.26.28||1.1.1.1.1.1.1','如果你家里还有沙拉酱那更好啦，在面包和蔬菜上再摸上沙拉酱，这样吃起来口味会更丰富哦'),(21,5,8,'切割并装盘','2-9.jpg','包的时候把三明治稍微靠保鲜膜上面一点，但是不要靠到头，保鲜膜头上留一点要再覆盖回来。先把上面余出来的保鲜膜覆盖过来，再把左面右面的保鲜膜分别覆盖过来，最后把下面多余的保鲜膜覆盖上来把三明治整个包裹住。包裹住以后可以用手稍微按压一点四边，固定一下形状。最后你想横着切，斜着切，都可以，一切两半装盘就可以啦','00:00:30','|7.22.23.24.25.26.28|1.1.1.1.1.1.1','三明治食材不限制，家里有火腿培根，都可以煎一煎夹进去。自己做的当然越丰富越好啦'),(22,1,7,'步骤7','3-8.jpg','赶快动手吧^-^',NULL,'||',NULL),(33,2,1,'步骤1','4-2.jpg','买来做西米露剩下的西米,淘洗一次','00:01:00','36||1',NULL),(34,2,2,'步骤2','4-3.jpg','加入精选牧场奶','03:20:00','37|36|1.10','小西米要浸泡一会，我用牛奶浸泡的，量不用太多，能浸湿西米就好！ 我是早晨上班前浸泡的，中午回家包的粽子！大概泡了3个多小时！'),(35,2,3,'步骤3','4-4.jpg','加入糖粉、玉米油拌匀浸泡一会','00:05:00','39.40|36|1.1.5',NULL),(36,2,4,'步骤4','4-5.jpg','粽叶洗净后，放入锅里煮开，水里加几滴色拉油','00:20:00','41||1',NULL),(37,2,5,'步骤5','4-6.jpg','这是准备好的材料',NULL,'||',NULL),(38,2,6,'步骤6','4-7.jpg','取一张粽叶折出一个尖角',NULL,'41||1',NULL),(39,2,7,'步骤7','4-8.jpg','舀入适量西米',NULL,'36||1',NULL),(40,2,8,'步骤8','4-9.jpg','放入豆沙馅',NULL,'36.38||5.1',NULL),(41,2,9,'步骤9','4-10.jpg','再加入适量西米',NULL,'36||1',NULL),(42,2,10,'步骤10','4-11.jpg','把粽叶往上折把西米包住',NULL,'41||1',NULL),(43,2,11,'步骤11','4-12.jpg','用棉线扎起来',NULL,'||',NULL),(44,2,12,'步骤12','4-13.jpg','把包好的粽子放入锅里加水煮30分钟，水要浸没粽子','00:30:00','36||1',NULL),(45,2,13,'步骤13','4-14.jpg','再焖10分钟后就可以吃了','00:10:00','36||1','去年我做过用大西米来包的粽子，最后成品怎么煮都有白芯哦！'),(46,3,1,'步骤1','5-2.jpg','准备食材。并准备一个方形的保鲜盒，我用的是乐扣（134×134×60）的。',NULL,'||',NULL),(47,3,2,'步骤2','5-3.jpg','在盒底铺一层椰蓉或铺一张油纸。','00:00:10','46||1',NULL),(48,3,3,'步骤3','5-4.jpg','将80g牛奶与玉米淀粉搅拌至完全融合','00:20:00','37.45||2.3',NULL),(49,3,4,'步骤4','5-5.jpg','剩余的牛奶和淡奶油、糖混合，倒入奶锅，煮沸。（建议用中火）','00:15:00','37.43.44|45|3.2.1.4',NULL),(50,3,5,'步骤5','5-6.jpg','将第三步牛奶和玉米淀粉的混合液倒入奶锅，快速搅拌（画圈）。','00:10:00','37.43.44|45|3.2.1.4',NULL),(51,3,6,'步骤6','5-7.jpg','此时锅内的液体会越来越浓稠，几秒钟就凝固成厚厚的了，立即关火以免结焦。','00:00:10','||','牛奶和玉米淀粉的混合液倒入奶锅后，一定要快速搅拌，变浓稠后立即关火，时间一长，容易结焦，影响颜值和口感哦。'),(52,3,7,'步骤7','5-8.jpg','倒入铺好椰蓉的保鲜盒内，用勺子压一压，使奶液平整，并在上面再铺一层椰蓉（也可不铺）。','00:01:00','37.43.44|45|3.2.1.4',NULL),(53,3,8,'步骤8','5-9.jpg','放凉后，加盖密封，放入冰箱冷藏5小时以上。（我一般都是晚上做好，冷藏一夜后，第二天再食用）','06:00:00','37.43.44|45|3.2.1.4',NULL),(54,3,9,'步骤9','5-10.jpg','取出，倒扣在案板上。（为方便脱模，建议先用小刀在四周扣一遍，再在最上面加一层保鲜膜，倒扣后就倒在保鲜膜上了）','00:00:30','37.43.44|45|3.2.1.4',NULL),(55,3,10,'步骤10','5-11.jpg','切成小方块（依我的保鲜盒大小做成的，大约可切成6×6=36块，每个小方块棱长约2厘米）。','00:01:00','37.43.44|45|3.2.1.4',NULL),(56,3,11,'步骤11','5-12.jpg','分别在椰蓉、可可粉和抹茶粉里滚几下，使其每个面都裹满椰蓉或其他粉。','00:02:00','37.43.44|45.47.48|6.4.2.8.1.1','三种口味适合不同人的喜好，大家在最后一步裹粉时，喜欢哪一种，哪一种就多裹一些好了。如果有更适合自己的粉料，各自发挥了哈！'),(57,3,12,'步骤12','5-13.jpg','装盘。包装一下送人也是相当赞哦！',NULL,'||',NULL),(63,11,1,'步骤1','2025041320484163113286a1cb9034802adc6fcc4b9251824','提前准备好牛肉，葱姜蒜末','00:10:00','||',''),(64,11,2,'步骤2','202504132051448051232167fd09e41f7b52aab72bf5e72a6','在牛肉面加生粉腌制，大约5分钟左右','00:05:00','||',NULL),(65,11,3,'步骤3','202504132052352544cfda059580a43148948c480c60ed60f','热锅凉油放入牛肉，大火快速翻炒均匀','00:10:00','||',NULL),(66,11,4,'步骤4','20250413205240638a4be4a2f92964c11a4bfb64f8bad4075','倒入葱姜蒜末，炒香后搅拌均匀','00:03:00','||',NULL),(67,11,5,'步骤5','202504132052460903e3ac3d90fd4456b9273a0d0e6ef60fc','加入孜然粉，辣椒粉，鸡精，葱花，搅拌一下','00:00:00','||',NULL),(68,11,6,'步骤6','2025041320531523208e7140af4914bf9a653e22dd54e52af','装盘即可食用','00:01:00','||',NULL);
/*!40000 ALTER TABLE `preparation_step` ENABLE KEYS */;
UNLOCK TABLES;

--
-- Table structure for table `recipe`
--

DROP TABLE IF EXISTS `recipe`;
/*!40101 SET @saved_cs_client     = @@character_set_client */;
/*!50503 SET character_set_client = utf8mb4 */;
CREATE TABLE `recipe` (
                          `recipe_id` bigint NOT NULL AUTO_INCREMENT COMMENT 'ID',
                          `author_id` bigint NOT NULL COMMENT '作者ID',
                          `title` varchar(30) CHARACTER SET utf8mb4 COLLATE utf8mb4_unicode_ci NOT NULL COMMENT '标题',
                          `r_name` varchar(30) CHARACTER SET utf8mb4 COLLATE utf8mb4_unicode_ci DEFAULT NULL COMMENT '名称',
                          `file_url` char(60) CHARACTER SET utf8mb3 COLLATE utf8mb3_general_ci NOT NULL COMMENT '封面',
                          `summary` varchar(200) CHARACTER SET utf8mb4 COLLATE utf8mb4_unicode_ci DEFAULT NULL COMMENT '总结',
                          `status` int NOT NULL COMMENT '食谱状态',
                          `create_date` datetime NOT NULL DEFAULT CURRENT_TIMESTAMP COMMENT '创建时间',
                          `modify_date` datetime NOT NULL DEFAULT CURRENT_TIMESTAMP COMMENT '修改时间',
                          PRIMARY KEY (`recipe_id`),
                          KEY `recipe____fk` (`author_id`),
                          CONSTRAINT `recipe____fk` FOREIGN KEY (`author_id`) REFERENCES `user` (`user_id`)
) ENGINE=InnoDB AUTO_INCREMENT=12 DEFAULT CHARSET=utf8mb4 COLLATE=utf8mb4_0900_ai_ci COMMENT='食谱';
/*!40101 SET character_set_client = @saved_cs_client */;

--
-- Dumping data for table `recipe`
--

LOCK TABLES `recipe` WRITE;
/*!40000 ALTER TABLE `recipe` DISABLE KEYS */;
INSERT INTO `recipe` VALUES (1,2,'圣诞节之香蕉巧克力','香蕉巧克力','3-1.jpg',NULL,200,'2024-11-11 11:11:11','2024-11-11 11:11:11'),(2,2,'奶香西米粽','奶香西米粽','4-1.jpg','马上就要到端午节了，今天先用西米包了点迷你甜粽！用牛奶泡的西米加入豆沙馅，西米QQ的，小朋友应该会喜欢的！',200,'2024-11-11 11:11:11','2024-11-11 11:11:11'),(3,2,'三色牛奶小方（零失败）','三色牛奶小方','5-1.jpg','最初在蛋糕店里看到，是被叫做“奶豆腐”的甜品。最经常是裹上椰蓉，最美味也是最常见的一种。有时也会裹上可可粉或抹茶粉，换换口味，换换心情。',200,'2024-11-11 11:11:11','2024-11-11 11:11:11'),(4,2,'鸡翅鸡爪煲','鸡翅鸡爪煲','1-1.jpg','在家也能品尝到火爆餐厅的鸡翅鸡爪煲，美味至极，令人难以忘怀。酱汁浓郁，口感软烂脱骨，再搭配一碗热腾腾的米饭，真是美味无穷。现在，让我来分享一下这道佳肴的制作方法吧！',200,'2024-11-11 11:11:11','2024-11-11 11:11:11'),(5,2,'鸡胸切片三明治','鸡胸切片三明治','2-1.jpg','三明治作为早餐即减脂又快手，快来一起看看吧！',200,'2024-11-11 11:11:11','2024-11-11 11:11:11'),(11,102,'美味孜然牛肉','孜然牛肉','20250413204401915f7590a4f227c4f14a57f6b36cfd2d99e','家中小孩最爱的肉就是牛肉，每周必吃的道菜。孜然味的牛肉是下饭菜必备品。',202,'2025-04-14 05:08:42','2025-04-14 05:08:41');
/*!40000 ALTER TABLE `recipe` ENABLE KEYS */;
UNLOCK TABLES;

--
-- Table structure for table `recipe_item`
--

DROP TABLE IF EXISTS `recipe_item`;
/*!40101 SET @saved_cs_client     = @@character_set_client */;
/*!50503 SET character_set_client = utf8mb4 */;
CREATE TABLE `recipe_item` (
                               `recipe_item_id` bigint NOT NULL AUTO_INCREMENT COMMENT 'ID',
                               `recipe_id` bigint NOT NULL COMMENT '食谱ID',
                               `ingredient_id` bigint NOT NULL COMMENT '食材ID',
                               `dosage` decimal(10,0) NOT NULL COMMENT '用量',
                               PRIMARY KEY (`recipe_item_id`),
                               KEY `recipe_item_ingredient_Ingredient_id_fk` (`ingredient_id`),
                               KEY `recipe_item_recipe_recipe_id_fk` (`recipe_id`),
                               CONSTRAINT `recipe_item_ingredient_Ingredient_id_fk` FOREIGN KEY (`ingredient_id`) REFERENCES `ingredient` (`ingredient_id`),
                               CONSTRAINT `recipe_item_recipe_recipe_id_fk` FOREIGN KEY (`recipe_id`) REFERENCES `recipe` (`recipe_id`)
) ENGINE=InnoDB AUTO_INCREMENT=53 DEFAULT CHARSET=utf8mb4 COLLATE=utf8mb4_0900_ai_ci COMMENT='食谱食材项';
/*!40101 SET character_set_client = @saved_cs_client */;

--
-- Dumping data for table `recipe_item`
--

LOCK TABLES `recipe_item` WRITE;
/*!40000 ALTER TABLE `recipe_item` DISABLE KEYS */;
INSERT INTO `recipe_item` VALUES (1,1,1,534),(2,1,2,216),(3,1,3,54),(4,1,17,250),(5,4,4,200),(6,4,5,200),(7,4,6,100),(8,4,7,100),(9,4,8,200),(10,4,9,5),(11,4,10,5),(12,4,11,15),(13,4,12,6),(14,4,13,10),(15,4,14,250),(16,5,7,60),(17,5,9,5),(18,5,12,3),(19,5,22,100),(20,5,23,50),(21,5,24,60),(22,5,25,240),(23,5,26,40),(24,5,27,15),(25,5,28,60),(26,5,29,5),(27,5,30,15),(28,5,31,10),(29,5,32,15),(30,5,33,5),(31,1,16,216),(32,1,18,200),(33,1,12,4),(34,2,36,100),(35,2,37,120),(36,2,38,70),(37,2,39,10),(38,2,40,10),(39,2,41,250),(40,3,37,250),(41,3,43,100),(42,3,44,40),(43,3,45,40),(44,3,46,20),(45,3,47,10),(46,3,48,10),(47,4,15,20),(48,11,12,1),(49,11,30,10),(50,11,33,3),(51,11,45,10),(52,11,49,300);
/*!40000 ALTER TABLE `recipe_item` ENABLE KEYS */;
UNLOCK TABLES;

--
-- Table structure for table `release`
--

DROP TABLE IF EXISTS `release`;
/*!40101 SET @saved_cs_client     = @@character_set_client */;
/*!50503 SET character_set_client = utf8mb4 */;
CREATE TABLE `release` (
                           `release_id` bigint NOT NULL AUTO_INCREMENT COMMENT 'ID',
                           `author_id` bigint NOT NULL COMMENT '作者ID',
                           `op_flag` int NOT NULL COMMENT '操作者类型',
                           `t_id` bigint NOT NULL DEFAULT '-1' COMMENT '目标ID',
                           `id_category` int NOT NULL COMMENT '目标类型',
                           `content` longtext NOT NULL COMMENT '内容',
                           `release_info` text NOT NULL COMMENT '参考来源',
                           `title` varchar(200) NOT NULL COMMENT '标题缓存',
                           `file_url` varchar(60) NOT NULL COMMENT '封面缓存',
                           `create_date` datetime NOT NULL DEFAULT CURRENT_TIMESTAMP COMMENT '创建时间',
                           PRIMARY KEY (`release_id`),
                           KEY `release_user_user_id_fk` (`author_id`),
                           CONSTRAINT `release_user_user_id_fk` FOREIGN KEY (`author_id`) REFERENCES `user` (`user_id`)
) ENGINE=InnoDB AUTO_INCREMENT=5 DEFAULT CHARSET=utf8mb4 COLLATE=utf8mb4_0900_ai_ci COMMENT='发布';
/*!40101 SET character_set_client = @saved_cs_client */;

--
-- Dumping data for table `release`
--

LOCK TABLES `release` WRITE;
/*!40000 ALTER TABLE `release` DISABLE KEYS */;
INSERT INTO `release` VALUES (1,100,0,-1,2,'{\"recipeId\":0,\"fileUrl\":\"20250402143751882f9bd856565d648acb840c6b62a29ebd7\",\"title\":\"孜然牛肉\",\"rName\":\"简易孜然牛肉\",\"summary\":\"家中小孩最爱的肉就是牛肉，每周必吃的道菜。孜然味的牛肉是下饭菜必备品。\",\"steps\":[{\"id\":0,\"title\":\"步骤1\",\"fileUrl\":\"202504021441130207e7129f6ed794b168467c5b79a353e98\",\"summary\":null,\"requiredTime\":\"00:10:00\",\"requiredIngredient\":\"|49.33.12.30|60.10.10.1\",\"refer\":\"提前准备好牛肉，葱姜蒜末\"},{\"id\":0,\"title\":\"步骤2\",\"fileUrl\":\"202504021441159492d0c2a8dc5a9480abec7d94e0f3c6a1b\",\"summary\":null,\"requiredTime\":\"00:05:00\",\"requiredIngredient\":\"|45.49|1.1\",\"refer\":\"在牛肉面加生粉腌制，大约5分钟左右\"},{\"id\":0,\"title\":\"步骤3\",\"fileUrl\":\"2025040214412102648ccd9a687c748ddaa607527435cf685\",\"summary\":null,\"requiredTime\":\"00:15:00\",\"requiredIngredient\":\"49.33.45.30||10.1.10.1\",\"refer\":\"热锅凉油放入牛肉，大火快速翻炒均匀\"},{\"id\":0,\"title\":\"步骤4\",\"fileUrl\":\"20250402144125253f396cb55cd38408fb48375067992fa8e\",\"summary\":null,\"requiredTime\":\"00:03:00\",\"requiredIngredient\":\"30.12.33||1.1.1\",\"refer\":\"倒入葱姜蒜末，炒香后搅拌均匀\"},{\"id\":0,\"title\":\"步骤5\",\"fileUrl\":\"20250402144128121e8b810d6490b4a4abeaa305b58105ab6\",\"summary\":null,\"requiredTime\":\"00:02:00\",\"requiredIngredient\":\"||\",\"refer\":\"加入孜然粉，辣椒粉，鸡精，葱花，搅拌一下\"},{\"id\":0,\"title\":\"步骤6\",\"fileUrl\":\"2025040214413227696254bade3d3486095345afabbda8f14\",\"summary\":null,\"requiredTime\":\"00:00:00\",\"requiredIngredient\":\"||\",\"refer\":\"装盘即可食用\"}],\"ingredients\":[{\"ingredientId\":49,\"dosage\":300.0},{\"ingredientId\":33,\"dosage\":3.0},{\"ingredientId\":45,\"dosage\":10.0},{\"ingredientId\":12,\"dosage\":1.0},{\"ingredientId\":30,\"dosage\":10.0}],\"categories\":[\"精品\",\"独家\"]}','https://www.douguo.com/cookbook/2451032.html','孜然牛肉','20250402143751882f9bd856565d648acb840c6b62a29ebd7','2025-04-02 22:49:19'),(2,100,0,-1,3,'{\"collectionId\":0,\"fileUrl\":\"20250402145528274ca770e5a83134f6fa442d621a3f526dd\",\"title\":\"长期喝咖啡，你的身体会悄悄发生这些变化…\",\"refer\":\"众所周知，喝咖啡能提神醒脑，但这并不是说你可以随便喝，过量摄入咖啡因会存在健康隐患。美国食品和药物管理局建议，一般健康的成年人每天咖啡摄入量不超过四到五杯，否则也可能带来一些副作用。\",\"content\":{\"dirs\":{\"1\":[50]},\"images\":[\"2025040214564107895d2e8806c69435ea170b4fe40297774\",\"2025040214573607028b9ac2751064e3cb94196209e696bb1\",\"20250402145835671b6e523e0818b433ba43f42e917ac0a9c\"],\"html\":\"众所周知，喝咖啡能提神醒脑，但这并不是说你可以随便喝，过量摄入咖啡因会存在健康隐患。美国食品和药物管理局建议，一般健康的成年人每天咖啡摄入量<b>不超过四到五杯</b>，否则也可能带来一些副作用。<div><div class=\\\"tag\\\" data-flag=\\\"1_50\\\"></div><br><div><div>纽约大学朗格尼医学中心内科医生艾伯特·安（Albert Ahn）博士表示，大多数人喝咖啡是为了提神，但是一旦你喝太多咖啡，你就会开始失去注意力，人们开始变得更加焦躁易怒。</div><div>而这些就要功于荷尔蒙肾上腺素，它会刺激你的肾上腺分泌荷尔蒙，让你感到精力充沛和警觉。但是分泌过多的荷尔蒙并非好事，特别是如果你患有焦虑症，有可能刺激或触发各类恐慌发作，使焦虑加剧。</div><div>咖啡因中的肾上腺素还能提高心率，这就是为什么医生建议如果心脏有时跳动不规律就不要喝咖啡。</div><div>当然，这种风险实际上只适用于真正的咖啡迷，至少有两项观察性研究发现，每天至少要喝<b>九杯咖啡</b>，才会有心律不齐的风险。</div><div>但如果把每天摄入咖啡因的量控制在安全的范围，长期喝咖啡，身体会悄悄发生这些变化。</div></div><div><img class=\\\"insert-img\\\" data-flag=\\\"0\\\"><br></div><div><h3>长期喝咖啡的好处</h3><div><b>1.降低癌症发生率</b></div><div>①皮肤癌</div><div>在2015年时，美国国家癌症研究所发表了一项研究表明，每天喝超过4杯咖啡，可以在十年里降低20%的皮肤癌风险。</div><div>②乳腺癌</div><div>英国Lund大学的研究人员针对瑞典1090名诊断为原发侵袭性乳腺癌的患者进行长期随访，结果显示，咖啡因和咖啡酸能导致细胞周期进展受阻和增强细胞死亡，换句话说，喝咖啡可以帮助减少复发风险。</div><div>③结直肠癌</div><div>美国南加州大学诺里斯综合癌症中心发布了一项研究显示，中等咖啡消耗量（每天1~2份）可降低26%的结直肠癌患病风险。</div><div>研究者表示咖啡内含有多种促进结直肠健康的成分——咖啡因和多酚有抗氧化作用；类黑精能够促进结肠蠕动；二萜类物质可以抵抗氧化应激损伤……</div><div>④肝癌</div><div>意大利米兰大学的研究者曾在《临床胃肠病学与肝病学》杂志上发表报告称，咖啡能使肝细胞癌风险降低，而降低的幅度与摄入量有关。</div></div><div><img class=\\\"insert-img\\\" data-flag=\\\"1\\\"><div><b>2.有助于心脑血管健康</b></div><div>早在2014年，就有一篇汇集了36项研究、涉及128万人的论文指出：每天225ml的咖啡，心血管病发生率减少11%；每天525ml，心血管病发生率降低15%，获益最大；而超过625ml时，就无效果了。</div><div>另外，哈佛大学公共卫生学院的研究《关于长期饮用咖啡与心血管疾病的关系》，分析了127万多个样本，得出结论：咖啡摄入量与心血管疾病风险呈负相关，每天喝450-750ml咖啡的人，心血管疾病风险最低。</div><div>而德国一项研究表明，咖啡因能够改善线粒体功能，帮助修复血管内皮细胞，达到保护心血管的目的；而其所含的多种抗氧化物质比茶多4倍，更能对抗心血管疾病，也对大脑起保护作用。</div><div><b>3.对2型糖尿病有好处</b></div><div>美国哈佛大学一项针对12.6万人进行的研究显示，常喝咖啡的人患2型糖尿病的风险较低。</div><div>不仅如此，中国营养学会指出，每天<b>3~4杯咖啡</b>可降低2型糖尿病的发生风险；国际糖尿病联盟认为，糖尿病患者可以将纯咖啡作为健康膳食的一部分。</div><div><b>4.预防胆结石</b></div><div>能够预防胆结石的还是因为咖啡因，因为咖啡因能够刺激胆囊收缩，所以能够很好的减少胆囊中的胆固醇，对胆结石的形成有着很好的预防作用。</div></div><div><img class=\\\"insert-img\\\" data-flag=\\\"2\\\"><br></div><div><div><b>5.帮助减肥</b></div><div>咖啡的确可以帮助消化，加速脂肪分解，但同时也要依靠肌肉的运动，才能更好地将多余的脂肪酸变成热能消耗掉。如果没有配合运动，多余的脂肪酸也可能会顺着血流重新流回，重新堆积起脂肪。</div><div>所以，想要真正发挥减肥功效，喝完咖啡后别忘了运动。</div><div>另外，咖啡还能帮助提高运动能力，延长了运动时间，消耗更多热量，也能进一步帮助减肥。</div><div><b>当然，以上功效适用于纯咖啡或黑咖啡，尽量少加或不加糖和添加剂。如果喝花式咖啡和加伴侣的速溶咖啡，效果也许会相反。</b></div></div><h3><br></h3></div>\"}}','https://wp.calheal.com/?p=187','长期喝咖啡，你的身体会悄悄发生这些变化…','20250402145528274ca770e5a83134f6fa442d621a3f526dd','2025-04-02 23:05:25'),(3,102,0,11,2,'{\"recipeId\":11,\"fileUrl\":\"20250413204401915f7590a4f227c4f14a57f6b36cfd2d99e\",\"title\":\"美味孜然牛肉\",\"rName\":\"孜然牛肉\",\"summary\":\"家中小孩最爱的肉就是牛肉，每周必吃的道菜。孜然味的牛肉是下饭菜必备品。\",\"steps\":[{\"id\":63,\"title\":\"步骤1\",\"fileUrl\":\"2025041320484163113286a1cb9034802adc6fcc4b9251824\",\"summary\":\"\",\"requiredTime\":\"00:10:00\",\"requiredIngredient\":\"||\",\"refer\":\"提前准备好牛肉，葱姜蒜末\"},{\"id\":64,\"title\":\"步骤2\",\"fileUrl\":\"202504132051448051232167fd09e41f7b52aab72bf5e72a6\",\"summary\":null,\"requiredTime\":\"00:05:00\",\"requiredIngredient\":\"||\",\"refer\":\"在牛肉面加生粉腌制，大约5分钟左右\"},{\"id\":65,\"title\":\"步骤3\",\"fileUrl\":\"202504132052352544cfda059580a43148948c480c60ed60f\",\"summary\":null,\"requiredTime\":\"00:10:00\",\"requiredIngredient\":\"||\",\"refer\":\"热锅凉油放入牛肉，大火快速翻炒均匀\"},{\"id\":66,\"title\":\"步骤4\",\"fileUrl\":\"20250413205240638a4be4a2f92964c11a4bfb64f8bad4075\",\"summary\":null,\"requiredTime\":\"00:03:00\",\"requiredIngredient\":\"||\",\"refer\":\"倒入葱姜蒜末，炒香后搅拌均匀\"},{\"id\":67,\"title\":\"步骤5\",\"fileUrl\":\"202504132052460903e3ac3d90fd4456b9273a0d0e6ef60fc\",\"summary\":null,\"requiredTime\":\"00:00:00\",\"requiredIngredient\":\"||\",\"refer\":\"加入孜然粉，辣椒粉，鸡精，葱花，搅拌一下\"},{\"id\":68,\"title\":\"步骤6\",\"fileUrl\":\"2025041320531523208e7140af4914bf9a653e22dd54e52af\",\"summary\":null,\"requiredTime\":\"00:01:00\",\"requiredIngredient\":\"||\",\"refer\":\"装盘即可食用\"}],\"ingredients\":[{\"ingredientId\":12,\"dosage\":1.0},{\"ingredientId\":30,\"dosage\":10.0},{\"ingredientId\":33,\"dosage\":3.0},{\"ingredientId\":45,\"dosage\":10.0},{\"ingredientId\":49,\"dosage\":300.0}],\"categories\":[\"精品\",\"独家\"]}','https://www.foodwake.cn/category/food-full-sort','美味孜然牛肉','20250413204401915f7590a4f227c4f14a57f6b36cfd2d99e','2025-04-14 04:57:21'),(4,102,0,1,3,'{\"collectionId\":1,\"fileUrl\":\"20250413210328900c592fb31aeed4030aabd78963408d51f\",\"title\":\"长期喝咖啡，你的身体会悄悄发生这些变化…\",\"refer\":\"众所周知，喝咖啡能提神醒脑，但这并不是说你可以随便喝，过量摄入咖啡因会存在健康隐患。美国食品和药物管理局建议，一般健康的成年人每天咖啡摄入量不超过四到五杯，否则也可能带来一些副作用。\",\"content\":{\"dirs\":{\"1\":[50]},\"images\":[\"20250413210044728de8786807a304f5baf9bfd4a745901cb\",\"2025041321013060551bdd8813d6741b892fa4587e7cf9e5f\",\"2025041321040571041c2c3e56a46409f841574b22bf55dd0\"],\"html\":\"众所周知，喝咖啡能提神醒脑，但这并不是说你可以随便喝，过量摄入咖啡因会存在健康隐患。美国食品和药物管理局建议，一般健康的成年人每天咖啡摄入量不超过四到五杯，否则也可能带来一些副作用。<div><div class=\\\"tag\\\" data-flag=\\\"1_50\\\"></div><br><div>纽约大学朗格尼医学中心内科医生艾伯特·安（Albert Ahn）博士表示，大多数人喝咖啡是为了提神，但是一旦你喝太多咖啡，你就会开始失去注意力，人们开始变得更加焦躁易怒。</div><div>而这些就要功于荷尔蒙肾上腺素，它会刺激你的肾上腺分泌荷尔蒙，让你感到精力充沛和警觉。但是分泌过多的荷尔蒙并非好事，特别是如果你患有焦虑症，有可能刺激或触发各类恐慌发作，使焦虑加剧。</div><div>咖啡因中的肾上腺素还能提高心率，这就是为什么医生建议如果心脏有时跳动不规律就不要喝咖啡。</div><div>当然，这种风险实际上只适用于真正的咖啡迷，至少有两项观察性研究发现，每天至少要喝<b>九杯咖啡</b>，才会有心律不齐的风险。</div><div>但如果把每天摄入咖啡因的量控制在安全的范围，长期喝咖啡，身体会悄悄发生这些变化。</div><div><img class=\\\"insert-img\\\" data-flag=\\\"0\\\"><br></div><div><b>长期喝咖啡的好处</b></div></div><div><b>1.降低癌症发生率</b></div><div>①皮肤癌</div><div>在2015年时，美国国家癌症研究所发表了一项研究表明，每天喝超过4杯咖啡，可以在十年里降低20%的皮肤癌风险。</div><div>②乳腺癌</div><div>英国Lund大学的研究人员针对瑞典1090名诊断为原发侵袭性乳腺癌的患者进行长期随访，结果显示，咖啡因和咖啡酸能导致细胞周期进展受阻和增强细胞死亡，换句话说，喝咖啡可以帮助减少复发风险。</div><div>③结直肠癌</div><div>美国南加州大学诺里斯综合癌症中心发布了一项研究显示，中等咖啡消耗量（每天1~2份）可降低26%的结直肠癌患病风险。</div><div>研究者表示咖啡内含有多种促进结直肠健康的成分——咖啡因和多酚有抗氧化作用；类黑精能够促进结肠蠕动；二萜类物质可以抵抗氧化应激损伤……</div><div>④肝癌</div><div>意大利米兰大学的研究者曾在《临床胃肠病学与肝病学》杂志上发表报告称，咖啡能使肝细胞癌风险降低，而降低的幅度与摄入量有关。</div><div><img class=\\\"insert-img\\\" data-flag=\\\"1\\\"><br></div><div><b>2.有助于心脑血管健康</b></div><div>早在2014年，就有一篇汇集了36项研究、涉及128万人的论文指出：每天225ml的咖啡，心血管病发生率减少11%；每天525ml，心血管病发生率降低15%，获益最大；而超过625ml时，就无效果了。</div><div>另外，哈佛大学公共卫生学院的研究《关于长期饮用咖啡与心血管疾病的关系》，分析了127万多个样本，得出结论：咖啡摄入量与心血管疾病风险呈负相关，每天喝450-750ml咖啡的人，心血管疾病风险最低。</div><div>而德国一项研究表明，咖啡因能够改善线粒体功能，帮助修复血管内皮细胞，达到保护心血管的目的；而其所含的多种抗氧化物质比茶多4倍，更能对抗心血管疾病，也对大脑起保护作用。</div><div><b>3.对2型糖尿病有好处</b></div><div>美国哈佛大学一项针对12.6万人进行的研究显示，常喝咖啡的人患2型糖尿病的风险较低。</div><div>不仅如此，中国营养学会指出，每天3~4杯咖啡可降低2型糖尿病的发生风险；国际糖尿病联盟认为，糖尿病患者可以将纯咖啡作为健康膳食的一部分。</div><div><b>4.预防胆结石</b></div><div>能够预防胆结石的还是因为咖啡因，因为咖啡因能够刺激胆囊收缩，所以能够很好的减少胆囊中的胆固醇，对胆结石的形成有着很好的预防作用。</div><div><img class=\\\"insert-img\\\" data-flag=\\\"2\\\"></div><div><b>5.帮助减肥</b></div><div>咖啡的确可以帮助消化，加速脂肪分解，但同时也要依靠肌肉的运动，才能更好地将多余的脂肪酸变成热能消耗掉。如果没有配合运动，多余的脂肪酸也可能会顺着血流重新流回，重新堆积起脂肪。</div><div>所以，想要真正发挥减肥功效，喝完咖啡后别忘了运动。</div><div>另外，咖啡还能帮助提高运动能力，延长了运动时间，消耗更多热量，也能进一步帮助减肥。</div><div><b>当然，以上功效适用于纯咖啡或黑咖啡，尽量少加或不加糖和添加剂。如果喝花式咖啡和加伴侣的速溶咖啡，效果也许会相反。</b></div>\"}}','https://www.foodwake.cn/category/food-full-sort','长期喝咖啡，你的身体会悄悄发生这些变化…','20250413210328900c592fb31aeed4030aabd78963408d51f','2025-04-14 05:04:21');
/*!40000 ALTER TABLE `release` ENABLE KEYS */;
UNLOCK TABLES;

--
-- Table structure for table `release_flow_history`
--

DROP TABLE IF EXISTS `release_flow_history`;
/*!40101 SET @saved_cs_client     = @@character_set_client */;
/*!50503 SET character_set_client = utf8mb4 */;
CREATE TABLE `release_flow_history` (
                                        `id` bigint NOT NULL AUTO_INCREMENT COMMENT 'ID',
                                        `release_id` bigint NOT NULL COMMENT '发布ID',
                                        `op_id` bigint NOT NULL COMMENT '操作者ID',
                                        `op_flag` int NOT NULL COMMENT '操作者类型',
                                        `status` int NOT NULL COMMENT '审核状态',
                                        `info` varchar(100) DEFAULT NULL COMMENT '补充信息',
                                        `create_date` datetime NOT NULL DEFAULT CURRENT_TIMESTAMP COMMENT '创建时间',
                                        PRIMARY KEY (`id`),
                                        KEY `release_flow_history_release_release_id_fk` (`release_id`),
                                        CONSTRAINT `release_flow_history_release_release_id_fk` FOREIGN KEY (`release_id`) REFERENCES `release` (`release_id`)
) ENGINE=InnoDB AUTO_INCREMENT=16 DEFAULT CHARSET=utf8mb4 COLLATE=utf8mb4_0900_ai_ci COMMENT='审核状态流转表';
/*!40101 SET character_set_client = @saved_cs_client */;

--
-- Dumping data for table `release_flow_history`
--

LOCK TABLES `release_flow_history` WRITE;
/*!40000 ALTER TABLE `release_flow_history` DISABLE KEYS */;
INSERT INTO `release_flow_history` VALUES (1,1,100,0,100,'新增食谱','2025-04-02 22:49:19'),(2,2,100,0,100,'新增合集','2025-04-02 23:05:25'),(3,3,102,0,100,'新增食谱','2025-04-14 04:57:21'),(4,4,102,0,100,'新增合集','2025-04-14 05:04:21'),(5,4,1,1,301,'需修改，描述过于简略，请扩充说明','2025-04-14 05:06:11'),(6,3,102,0,100,'修改审核','2025-04-14 05:06:40'),(7,3,1,1,303,'待终审通过','2025-04-14 05:06:52'),(8,3,1,1,301,'需修改，存在空白/未填写部分，请补全内容','2025-04-14 05:07:10'),(9,3,102,0,100,'修改审核','2025-04-14 05:07:41'),(10,3,1,1,303,'待终审通过','2025-04-14 05:08:35'),(11,3,1,1,101,'已通过','2025-04-14 05:08:42'),(12,3,1,1,102,'已被驳回，涉及第三方版权，请提供授权证明','2025-04-14 05:08:57'),(13,4,102,0,100,'修改审核','2025-04-14 05:10:06'),(14,4,1,1,303,'待终审通过','2025-04-14 05:10:17'),(15,4,1,1,101,'已通过','2025-04-14 05:10:22');
/*!40000 ALTER TABLE `release_flow_history` ENABLE KEYS */;
UNLOCK TABLES;

--
-- Table structure for table `report`
--

DROP TABLE IF EXISTS `report`;
/*!40101 SET @saved_cs_client     = @@character_set_client */;
/*!50503 SET character_set_client = utf8mb4 */;
CREATE TABLE `report` (
                          `report_id` bigint NOT NULL AUTO_INCREMENT COMMENT 'ID',
                          `user_id` bigint NOT NULL COMMENT '举报者ID',
                          `t_id` bigint NOT NULL COMMENT '目标ID',
                          `id_category` int NOT NULL COMMENT '目标类型',
                          `r_type` int NOT NULL COMMENT '举报类型',
                          `content` varchar(200) NOT NULL COMMENT '补充说明',
                          `create_date` datetime NOT NULL DEFAULT CURRENT_TIMESTAMP COMMENT '创建时间',
                          `status` int NOT NULL COMMENT '处理状态',
                          `status_content` varchar(30) DEFAULT NULL COMMENT '状态说明',
                          `processing_time` datetime NOT NULL DEFAULT CURRENT_TIMESTAMP COMMENT '处理时间',
                          PRIMARY KEY (`report_id`),
                          KEY `report_user_user_id_fk` (`user_id`),
                          CONSTRAINT `report_user_user_id_fk` FOREIGN KEY (`user_id`) REFERENCES `user` (`user_id`)
) ENGINE=InnoDB DEFAULT CHARSET=utf8mb4 COLLATE=utf8mb4_0900_ai_ci COMMENT='举报';
/*!40101 SET character_set_client = @saved_cs_client */;

--
-- Dumping data for table `report`
--

LOCK TABLES `report` WRITE;
/*!40000 ALTER TABLE `report` DISABLE KEYS */;
/*!40000 ALTER TABLE `report` ENABLE KEYS */;
UNLOCK TABLES;

--
-- Table structure for table `role`
--

DROP TABLE IF EXISTS `role`;
/*!40101 SET @saved_cs_client     = @@character_set_client */;
/*!50503 SET character_set_client = utf8mb4 */;
CREATE TABLE `role` (
                        `id` int NOT NULL AUTO_INCREMENT COMMENT 'ID',
                        `name` varchar(50) DEFAULT NULL COMMENT '名称',
                        `refer` varchar(200) DEFAULT NULL COMMENT '描述',
                        PRIMARY KEY (`id`)
) ENGINE=InnoDB AUTO_INCREMENT=4 DEFAULT CHARSET=utf8mb4 COLLATE=utf8mb4_0900_ai_ci COMMENT='角色';
/*!40101 SET character_set_client = @saved_cs_client */;

--
-- Dumping data for table `role`
--

LOCK TABLES `role` WRITE;
/*!40000 ALTER TABLE `role` DISABLE KEYS */;
INSERT INTO `role` VALUES (1,'超级管理员','具备系统的所有权限'),(2,'内容审核员','审核上传的资源是否有价值'),(3,'文明','文明');
/*!40000 ALTER TABLE `role` ENABLE KEYS */;
UNLOCK TABLES;

--
-- Table structure for table `role_permission`
--

DROP TABLE IF EXISTS `role_permission`;
/*!40101 SET @saved_cs_client     = @@character_set_client */;
/*!50503 SET character_set_client = utf8mb4 */;
CREATE TABLE `role_permission` (
                                   `id` bigint NOT NULL AUTO_INCREMENT COMMENT 'ID',
                                   `role_id` int NOT NULL COMMENT '角色ID',
                                   `permission_id` int NOT NULL COMMENT '权限ID',
                                   PRIMARY KEY (`id`),
                                   UNIQUE KEY `rp_pk_2` (`permission_id`,`role_id`),
                                   KEY `rp_role_id_fk` (`role_id`),
                                   CONSTRAINT `rp_permission_id_fk` FOREIGN KEY (`permission_id`) REFERENCES `permission` (`id`),
                                   CONSTRAINT `rp_role_id_fk` FOREIGN KEY (`role_id`) REFERENCES `role` (`id`)
) ENGINE=InnoDB AUTO_INCREMENT=73 DEFAULT CHARSET=utf8mb4 COLLATE=utf8mb4_0900_ai_ci COMMENT='角色权限';
/*!40101 SET character_set_client = @saved_cs_client */;

--
-- Dumping data for table `role_permission`
--

LOCK TABLES `role_permission` WRITE;
/*!40000 ALTER TABLE `role_permission` DISABLE KEYS */;
INSERT INTO `role_permission` VALUES (1,1,1),(2,1,2),(3,1,3),(4,1,4),(5,1,5),(6,1,6),(7,1,7),(8,1,8),(9,1,9),(10,1,10),(11,1,11),(12,1,12),(13,1,13),(14,1,14),(15,1,15),(16,1,16),(17,1,17),(18,1,18),(19,1,19),(20,1,20),(21,1,21),(22,1,22),(23,1,23),(24,1,24),(25,1,25),(26,1,26),(27,1,27),(28,1,28),(29,1,29),(30,1,30),(31,1,31),(32,1,32),(33,1,33),(34,1,34),(35,1,35),(36,1,36),(37,1,37),(38,1,38),(39,1,39),(40,1,40),(41,1,41),(42,1,42),(43,1,43),(44,1,44),(45,1,45),(46,1,46),(47,1,47),(48,1,48),(49,1,49),(50,1,50),(51,1,51),(52,1,52),(53,1,53),(54,1,54),(55,1,55),(56,1,56),(57,1,57),(58,1,58),(59,1,59),(60,1,60),(61,1,61),(62,1,62),(63,1,63),(64,1,64),(65,1,65),(66,1,66),(67,1,67),(68,1,68),(69,1,69),(70,1,70),(71,1,71),(72,1,72);
/*!40000 ALTER TABLE `role_permission` ENABLE KEYS */;
UNLOCK TABLES;

--
-- Table structure for table `system_config`
--

DROP TABLE IF EXISTS `system_config`;
/*!40101 SET @saved_cs_client     = @@character_set_client */;
/*!50503 SET character_set_client = utf8mb4 */;
CREATE TABLE `system_config` (
                                 `config_id` int NOT NULL AUTO_INCREMENT COMMENT 'ID',
                                 `config_name` varchar(30) NOT NULL COMMENT '键名',
                                 `config_value` longtext NOT NULL COMMENT '配置值',
                                 `config_refer` varchar(200) DEFAULT NULL COMMENT '描述',
                                 `create_date` datetime NOT NULL DEFAULT CURRENT_TIMESTAMP COMMENT '创建时间',
                                 `update_date` datetime NOT NULL DEFAULT CURRENT_TIMESTAMP COMMENT '修改时间',
                                 PRIMARY KEY (`config_id`),
                                 UNIQUE KEY `system_config_pk` (`config_name`)
) ENGINE=InnoDB AUTO_INCREMENT=123 DEFAULT CHARSET=utf8mb4 COLLATE=utf8mb4_0900_ai_ci COMMENT='系统配置';
/*!40101 SET character_set_client = @saved_cs_client */;

--
-- Dumping data for table `system_config`
--

LOCK TABLES `system_config` WRITE;
/*!40000 ALTER TABLE `system_config` DISABLE KEYS */;
INSERT INTO `system_config` VALUES (1,'UnitsName','{\"g\": {\"zh\": \"克\"}, \"t\": {\"zh\": \"吨\"}, \"ct\": {\"zh\": \"克拉\"}, \"kg\": {\"zh\": \"千克\"}, \"lb\": {\"zh\": \"磅\"}, \"mg\": {\"zh\": \"毫克\"}, \"oz\": {\"zh\": \"盎司\"}, \"μg\": {\"zh\": \"微克\"}}','计量单位名称','2025-04-04 07:07:17','2025-04-04 07:07:17'),(2,'Units','{\"g\": 1, \"l\": 1000, \"kJ\": 1, \"kg\": 1000, \"lb\": 453.592, \"mg\": 0.001, \"ml\": 1, \"oz\": 28.3495, \"μg\": 0.000001, \"kcal\": 4.184}','计量单位转换','2025-04-04 07:07:17','2025-04-04 07:07:17'),(3,'BaseUnit','{\"g\": null, \"l\": \"ml\", \"kJ\": null, \"kg\": \"g\", \"lb\": \"g\", \"mg\": \"g\", \"ml\": null, \"oz\": \"g\", \"μg\": \"g\", \"kcal\": \"kJ\"}','基本计量单位转换','2025-04-04 07:07:17','2025-04-04 07:07:17'),(4,'UnitNext','{\"g\": \"kg\", \"l\": null, \"kJ\": \"kcal\", \"kg\": null, \"lb\": \"kg\", \"mg\": \"g\", \"ml\": \"l\", \"oz\": \"kg\", \"μg\": \"mg\", \"kcal\": null}','计量单位进位','2025-04-04 07:07:17','2025-04-04 07:07:17'),(5,'UnitPre','{\"g\": \"mg\", \"l\": \"ml\", \"t\": \"kg\", \"kJ\": null, \"kg\": \"g\", \"lb\": \"g\", \"mg\": \"μg\", \"ml\": null, \"oz\": \"g\", \"μg\": null, \"kcal\": \"kJ\"}','计量单位向下转换','2025-04-04 07:07:17','2025-04-04 07:07:17'),(6,'UnitLocal','{\"zh\": {\"g\": \"克\", \"l\": \"升\", \"kJ\": \"千焦\", \"kg\": \"千克\", \"lb\": \"磅\", \"mg\": \"毫克\", \"ml\": \"毫升\", \"oz\": \"盎司\", \"μg\": \"微克\", \"kcal\": \"千卡\"}}','计量单位多语言','2025-04-04 07:07:17','2025-04-04 07:07:17'),(7,'ProteinRequirement','{\"True\": \"AAAAAB4eIygoLTI3Nzc8PDw8Nzc3Nzc3Nzc3Nzc3Nzc3Nzc3Nzc3Nzc3Nzc3Nzc3Nzc3Nzc3Nzc3Nzc3Nzc3Nzc3Nzc3Nzc3Nzc3Nzc3Nzc3Nzc3Nzc3Nzc3Nzc3Nzc3Nzc3Nzc=\", \"False\": \"AAAAAB4eIygoLTI8PDxLS0tLQUFBQUFBQUFBQUFBQUFBQUFBQUFBQUFBQUFBQUFBQUFBQUFBQUFBQUFBQUFBQUFBQUFBQUFBQUFBQUFBQUFBQUFBQUFBQUFBQUFBQUFBQUFBQUE=\"}','蛋白质需要量','2025-04-04 07:07:17','2025-04-04 07:07:17'),(8,'SDs','{\"1.66~2.0\": {\"a1\": \"摄入量是充足的\", \"a2\": 0.95}, \"0.51~1.00\": {\"a1\": \"摄入量可能是充足的\", \"a2\": 0.7}, \"1.01~1.50\": {\"a1\": \"摄入量可能是充足的\", \"a2\": 0.85}, \"1.51~1.65\": {\"a1\": \"摄入量是充足的\", \"a2\": 0.93}, \"-0.50~0.50\": {\"a1\": \"摄入量需要提高\", \"a2\": 0.5}, \"-1.00~-0.51\": {\"a1\": \"摄入量可能是充足的\", \"a2\": 0.7}, \"-1.50~-1.01\": {\"a1\": \"摄入量可能是充足的\", \"a2\": 0.85}, \"-1.65~-1.51\": {\"a1\": \"摄入量是充足的\", \"a2\": 0.93}, \"-2.00~-1.66\": {\"a1\": \"摄入量是充足的\", \"a2\": 0.95}, \"2.00~1000000.00\": {\"a1\": \"日常摄入量充足\", \"a2\": 0.98}, \"-1000000.00~-2.00\": {\"a1\": \"摄入量是充足的\", \"a2\": 0.98}}','评价标准','2025-04-04 07:07:17','2025-04-04 07:07:17'),(100,'BackupsConfig:BackupPath','SQLs','备份路径','2025-04-04 07:07:17','2025-04-04 07:07:17'),(101,'BackupsConfig:ConfigName','.my.cnf','数据库连接配置','2025-04-04 07:07:17','2025-04-04 07:07:17'),(102,'BackupsConfig:DbName','recipe_and_health_system','数据库名字','2025-04-04 07:07:17','2025-04-04 07:07:17'),(103,'BackupsConfig:DbUser','root','数据库用户名字','2025-04-04 07:07:17','2025-04-04 07:07:17'),(104,'BackupsConfig:MySQLDumpPath','C:\\Program Files\\MySQL\\MySQL Server 8.0\\bin\\mysqldump.exe','mysqldump路径','2025-04-04 07:07:17','2025-04-04 07:07:17'),(105,'DashboardCache','{\"metrics\":{\"recipesCount\":5,\"ingredientsCount\":46,\"collectionsCount\":0,\"approvalRate\":0.0,\"usersActive\":4,\"audit\":{\"pending\":2,\"approved\":0,\"rejected\":0,\"locked\":0}},\"charts\":{\"report\":[],\"contentTrend\":{\"recipesTrend\":{},\"ingredientsTrend\":{},\"collectionsTrend\":{}},\"tags\":[{\"name\":\"甜点\",\"value\":12},{\"name\":\"调味品\",\"value\":6},{\"name\":\"糖果\",\"value\":5},{\"name\":\"奶制品\",\"value\":5},{\"name\":\"添加糖\",\"value\":5},{\"name\":\"主食\",\"value\":4},{\"name\":\"肉\",\"value\":4},{\"name\":\"😋\",\"value\":4},{\"name\":\"蔬菜\",\"value\":4},{\"name\":\"葱蒜\",\"value\":3}]}}','首页数据缓存','2025-04-04 07:07:17','2025-04-14 01:30:13'),(106,'FileUrlConfig:AdminDomain','localhost','后台请求域','2025-04-04 07:07:17','2025-04-04 07:07:17'),(107,'FileUrlConfig:Admins','Admins','管理员文件存放路径名称','2025-04-04 07:07:17','2025-04-04 07:07:17'),(108,'FileUrlConfig:Collections','Collections','集合文件存放路径名称','2025-04-04 07:07:17','2025-04-04 07:07:17'),(109,'FileUrlConfig:Favorites','Favorites','收藏文件存放路径名称','2025-04-04 07:07:17','2025-04-04 07:07:17'),(110,'FileUrlConfig:Ingredients','Ingredients','食材文件存放路径名称','2025-04-04 07:07:17','2025-04-04 07:07:17'),(111,'FileUrlConfig:OldFilePath','File','文件存放路径','2025-04-04 07:07:17','2025-04-04 07:07:17'),(112,'FileUrlConfig:Recipes','Recipes','食谱文件存放路径名称','2025-04-04 07:07:17','2025-04-04 07:07:17'),(113,'FileUrlConfig:Temps','Temps','临时文件存放路径名称','2025-04-04 07:07:17','2025-04-04 07:07:17'),(114,'FileUrlConfig:UserDomain','10.0.2.2','用户请求域','2025-04-04 07:07:17','2025-04-04 07:07:17'),(115,'FileUrlConfig:Users','Users','用户文件存放路径名称','2025-04-04 07:07:17','2025-04-04 07:07:17'),(116,'JwtConfig:Audience','WebAppAudience','JWT 令牌的受众','2025-04-04 07:07:17','2025-04-04 07:07:17'),(117,'JwtConfig:Expired','120','JWT 令牌的过期时间（分钟）','2025-04-04 07:07:17','2025-04-04 07:07:17'),(118,'JwtConfig:Issuer','WebAppIssuer','JWT 令牌的发行者','2025-04-04 07:07:17','2025-04-04 07:07:17'),(119,'JwtConfig:SecretKey','bbwdxdzyxxgcxyjsjkxyjs211bjkh2104405140','JWT 认证的密钥','2025-04-04 07:07:17','2025-04-04 07:07:17'),(120,'MySQL-Version','7','MySQL版本','2025-04-04 07:07:17','2025-04-04 07:07:17'),(121,'UserConfig:BanTime','7','处理举报时封禁用户天数','2025-04-04 07:07:17','2025-04-04 07:07:17'),(122,'UserConfig:UserMaxReportCount','3','用户最大举报次数','2025-04-04 07:07:17','2025-04-04 07:07:17');
/*!40000 ALTER TABLE `system_config` ENABLE KEYS */;
UNLOCK TABLES;

--
-- Table structure for table `user`
--

DROP TABLE IF EXISTS `user`;
/*!40101 SET @saved_cs_client     = @@character_set_client */;
/*!50503 SET character_set_client = utf8mb4 */;
CREATE TABLE `user` (
                        `user_id` bigint NOT NULL AUTO_INCREMENT COMMENT 'ID',
                        `u_name` varchar(20) CHARACTER SET utf8mb3 COLLATE utf8mb3_general_ci NOT NULL COMMENT '名称',
                        `file_url` char(60) DEFAULT NULL COMMENT '头像',
                        `password` varchar(44) CHARACTER SET utf8mb3 COLLATE utf8mb3_general_ci NOT NULL COMMENT '密码',
                        `email` char(30) CHARACTER SET utf8mb3 COLLATE utf8mb3_general_ci NOT NULL COMMENT '邮箱',
                        `phone` char(11) CHARACTER SET utf8mb3 COLLATE utf8mb3_general_ci NOT NULL COMMENT '手机',
                        `salt` varchar(49) NOT NULL COMMENT '盐',
                        `gender` tinyint(1) NOT NULL COMMENT '性别',
                        `birth_date` date NOT NULL DEFAULT (now()) COMMENT '生日',
                        `status` int NOT NULL COMMENT '账户状态',
                        `create_date` datetime NOT NULL DEFAULT CURRENT_TIMESTAMP COMMENT '创建时间',
                        `unban_time` datetime NOT NULL DEFAULT CURRENT_TIMESTAMP COMMENT '解禁时间',
                        PRIMARY KEY (`user_id`),
                        UNIQUE KEY `user_pk` (`u_name`)
) ENGINE=InnoDB AUTO_INCREMENT=114 DEFAULT CHARSET=utf8mb4 COLLATE=utf8mb4_0900_ai_ci COMMENT='用户';
/*!40101 SET character_set_client = @saved_cs_client */;

--
-- Dumping data for table `user`
--

LOCK TABLES `user` WRITE;
/*!40000 ALTER TABLE `user` DISABLE KEYS */;
INSERT INTO `user` VALUES (1,'食材系统助手','ingredient.jpg','null','null','null','null',0,'2024-11-11',0,'2024-11-11 11:11:11','2024-11-11 11:11:11'),(2,'食谱系统助手','recipe.jpg','null','null','null','null',1,'2024-11-11',0,'2024-11-11 11:11:11','2024-11-11 11:11:11'),(3,'合集系统助手','menu.jpg','null','null','null','null',1,'2024-11-11',0,'2024-11-11 11:11:11','2024-11-11 11:11:11'),(4,'分类助手','Category.png','null','null','null','null',0,'2024-11-11',0,'2024-11-11 11:11:11','2024-11-11 11:11:11'),(100,'jkh','202504020536425767b287b891a4446efbd9f62247ee1578a','PG0Khp/blqntYKeg0ZtpHkXanoYrRw5Qr+NRTy5+n3Y=','1714050472@qq.com','13112663026','20241115145947081f5e6583a2d044f369ba09c537899e542',0,'1994-03-19',0,'2024-11-11 11:11:11','2024-11-11 11:11:11'),(102,'qwe','202504122002451527c4fb80e1232433a82f782531f688f2f','Wt4GaNhHNuUNl9HUOnKjGs+MFTMcS7UUltqn6R93fbk=','1500000000@qq.com','15000000000','202504020540525387f7ff673622949a3b9d9c182d425a797',0,'1990-04-02',0,'2025-04-02 13:40:52','2025-04-10 14:11:38'),(103,'qqq','202504020545508521e5afd6a4b3a4b50a7cca8011a886be7','7M6uEkb16hpnHo7b/jER8ixZUJM7hPoiS8YD8q0z3ls=','1600000000@qq.com','15000000001','20250402054638994eb3c43995e5945da945d2198d9b44b05',0,'2025-04-02',0,'2025-04-02 13:46:39','2025-04-02 13:46:39'),(104,'q1','202504020536425767b287b891a4446efbd9f62247ee1578a','PG0Khp/blqntYKeg0ZtpHkXanoYrRw5Qr+NRTy5+n3Y=','1714050471@qq.com','15000000001','20241115145947081f5e6583a2d044f369ba09c537899e542',0,'1994-03-19',0,'2024-11-11 11:11:11','2024-11-11 11:11:11'),(105,'q2','202504020536425767b287b891a4446efbd9f62247ee1578a','PG0Khp/blqntYKeg0ZtpHkXanoYrRw5Qr+NRTy5+n3Y=','1714050473@qq.com','15000000002','20241115145947081f5e6583a2d044f369ba09c537899e542',0,'1994-03-19',2,'2024-11-11 11:11:11','2025-05-03 14:11:47'),(106,'q3','202504020536425767b287b891a4446efbd9f62247ee1578a','PG0Khp/blqntYKeg0ZtpHkXanoYrRw5Qr+NRTy5+n3Y=','1714050474@qq.com','15000000003','20241115145947081f5e6583a2d044f369ba09c537899e542',0,'1994-03-19',0,'2024-11-11 11:11:11','2024-11-11 11:11:11'),(107,'q4','202504020536425767b287b891a4446efbd9f62247ee1578a','PG0Khp/blqntYKeg0ZtpHkXanoYrRw5Qr+NRTy5+n3Y=','1714050475@qq.com','15000000004','20241115145947081f5e6583a2d044f369ba09c537899e542',0,'1994-03-19',0,'2024-11-11 11:11:11','2024-11-11 11:11:11'),(108,'q5','202504020536425767b287b891a4446efbd9f62247ee1578a','PG0Khp/blqntYKeg0ZtpHkXanoYrRw5Qr+NRTy5+n3Y=','1714050476@qq.com','15000000005','20241115145947081f5e6583a2d044f369ba09c537899e542',0,'1994-03-19',0,'2024-11-11 11:11:11','2024-11-11 11:11:11'),(109,'q6','202504020536425767b287b891a4446efbd9f62247ee1578a','PG0Khp/blqntYKeg0ZtpHkXanoYrRw5Qr+NRTy5+n3Y=','1714050477@qq.com','15000000006','20241115145947081f5e6583a2d044f369ba09c537899e542',0,'1994-03-19',0,'2024-11-11 11:11:11','2024-11-11 11:11:11'),(110,'q7','202504020536425767b287b891a4446efbd9f62247ee1578a','PG0Khp/blqntYKeg0ZtpHkXanoYrRw5Qr+NRTy5+n3Y=','1714050478@qq.com','15000000007','20241115145947081f5e6583a2d044f369ba09c537899e542',0,'1994-03-19',0,'2024-11-11 11:11:11','2024-11-11 11:11:11'),(111,'q8','202504020536425767b287b891a4446efbd9f62247ee1578a','PG0Khp/blqntYKeg0ZtpHkXanoYrRw5Qr+NRTy5+n3Y=','1714050479@qq.com','15000000008','20241115145947081f5e6583a2d044f369ba09c537899e542',0,'1994-03-19',0,'2024-11-11 11:11:11','2024-11-11 11:11:11'),(112,'q9','202504020536425767b287b891a4446efbd9f62247ee1578a','PG0Khp/blqntYKeg0ZtpHkXanoYrRw5Qr+NRTy5+n3Y=','1714050480@qq.com','15000000009','20241115145947081f5e6583a2d044f369ba09c537899e542',0,'1994-03-19',0,'2024-11-11 11:11:11','2024-11-11 11:11:11'),(113,'q10','202504020536425767b287b891a4446efbd9f62247ee1578a','PG0Khp/blqntYKeg0ZtpHkXanoYrRw5Qr+NRTy5+n3Y=','1714050481@qq.com','15000000010','20241115145947081f5e6583a2d044f369ba09c537899e542',0,'1994-03-19',0,'2024-11-11 11:11:11','2024-11-11 11:11:11');
/*!40000 ALTER TABLE `user` ENABLE KEYS */;
UNLOCK TABLES;
/*!40103 SET TIME_ZONE=@OLD_TIME_ZONE */;

/*!40101 SET SQL_MODE=@OLD_SQL_MODE */;
/*!40014 SET FOREIGN_KEY_CHECKS=@OLD_FOREIGN_KEY_CHECKS */;
/*!40014 SET UNIQUE_CHECKS=@OLD_UNIQUE_CHECKS */;
/*!40101 SET CHARACTER_SET_CLIENT=@OLD_CHARACTER_SET_CLIENT */;
/*!40101 SET CHARACTER_SET_RESULTS=@OLD_CHARACTER_SET_RESULTS */;
/*!40101 SET COLLATION_CONNECTION=@OLD_COLLATION_CONNECTION */;
/*!40111 SET SQL_NOTES=@OLD_SQL_NOTES */;

-- Dump completed on 2025-04-14  5:12:55